Subject,Experiment ID,Feature extraction,Band selection,Channel selection,Classification algorithm,Accuracy,Sadness precision,Pleasure precision,Anger precision,Joy precision,Sadness recall,Pleasure recall,Anger recall,Joy recall,Sadness f1-score,Pleasure f1-score,Anger f1-score,Joy f1-score
1,5,STFT,Delta,-,Random Forest,0.58984375,0.8571428571428571,0.4807017543859649,0.0,0.7135922330097088,0.1565217391304348,0.9513888888888888,0.0,0.8121546961325967,0.2647058823529412,0.6386946386946387,0.0,0.7596899224806202
1,5,STFT,Delta,-,SVM,0.353515625,0.0,0.0,0.0,0.353515625,0.0,0.0,0.0,1.0,0.0,0.0,0.0,0.5223665223665224
1,5,STFT,Delta,-,kNN,0.921875,0.8861788617886179,0.9020979020979021,0.918918918918919,0.9651162790697675,0.9478260869565217,0.8958333333333334,0.9444444444444444,0.9171270718232044,0.9159663865546218,0.8989547038327526,0.9315068493150684,0.9405099150141644
1,5,STFT,theta,-,Random Forest,0.732421875,0.8504672897196262,0.9203539823008849,0.0,0.6164383561643836,0.7913043478260869,0.7222222222222222,0.0,0.994475138121547,0.8198198198198199,0.8093385214007782,0.0,0.7610993657505286
1,5,STFT,theta,-,SVM,0.353515625,0.0,0.0,0.0,0.353515625,0.0,0.0,0.0,1.0,0.0,0.0,0.0,0.5223665223665224
1,5,STFT,theta,-,kNN,0.9375,0.9464285714285714,0.9300699300699301,0.918918918918919,0.9453551912568307,0.9217391304347826,0.9236111111111112,0.9444444444444444,0.9558011049723757,0.9339207048458149,0.926829268292683,0.9315068493150684,0.9505494505494505
1,5,STFT,alpha,-,Random Forest,0.755859375,0.822429906542056,0.9619047619047619,1.0,0.6382978723404256,0.7652173913043478,0.7013888888888888,0.25,0.994475138121547,0.7927927927927927,0.8112449799196786,0.4,0.777537796976242
1,5,STFT,alpha,-,SVM,0.353515625,0.0,0.0,0.0,0.353515625,0.0,0.0,0.0,1.0,0.0,0.0,0.0,0.5223665223665224
1,5,STFT,alpha,-,kNN,0.935546875,0.9464285714285714,0.9060402684563759,0.9565217391304348,0.945054945054945,0.9217391304347826,0.9375,0.9166666666666666,0.9502762430939227,0.9339207048458149,0.9215017064846417,0.9361702127659574,0.9476584022038568
1,5,STFT,beta,-,Random Forest,0.705078125,0.8987341772151899,1.0,1.0,0.5572755417956656,0.6173913043478261,0.6736111111111112,0.18055555555555555,0.994475138121547,0.731958762886598,0.8049792531120332,0.30588235294117644,0.7142857142857144
1,5,STFT,beta,-,SVM,0.8359375,0.8429752066115702,1.0,0.9264705882352942,0.73568281938326,0.8869565217391304,0.6666666666666666,0.875,0.9226519337016574,0.8644067796610169,0.8,0.9,0.8186274509803921
1,5,STFT,beta,-,kNN,0.9296875,0.8861788617886179,0.968503937007874,0.918918918918919,0.9361702127659575,0.9478260869565217,0.8541666666666666,0.9444444444444444,0.9723756906077348,0.9159663865546218,0.9077490774907748,0.9315068493150684,0.9539295392953929
1,5,STFT,gamma,-,Random Forest,0.759765625,0.9361702127659575,0.8015873015873016,0.9130434782608695,0.6654275092936803,0.7652173913043478,0.7013888888888888,0.2916666666666667,0.988950276243094,0.8421052631578948,0.7481481481481481,0.4421052631578948,0.7955555555555556
1,5,STFT,gamma,-,SVM,0.896484375,0.8346456692913385,0.968503937007874,0.9090909090909091,0.8839779005524862,0.9217391304347826,0.8541666666666666,0.9722222222222222,0.8839779005524862,0.8760330578512396,0.9077490774907748,0.9395973154362416,0.8839779005524862
1,5,STFT,gamma,-,kNN,0.939453125,0.9464285714285714,0.9492753623188406,0.918918918918919,0.9361702127659575,0.9217391304347826,0.9097222222222222,0.9444444444444444,0.9723756906077348,0.9339207048458149,0.9290780141843973,0.9315068493150684,0.9539295392953929
2,5,STFT,Delta,-,Random Forest,0.58984375,0.0,1.0,0.5942028985507246,0.5835240274599542,0.0,0.061855670103092786,0.3474576271186441,1.0,0.0,0.11650485436893204,0.43850267379679153,0.7369942196531792
2,5,STFT,Delta,-,SVM,0.498046875,0.0,0.0,0.0,0.498046875,0.0,0.0,0.0,1.0,0.0,0.0,0.0,0.6649282920469362
2,5,STFT,Delta,-,kNN,0.908203125,0.7,0.9888888888888889,0.9278350515463918,0.9207547169811321,1.0,0.9175257731958762,0.7627118644067796,0.9568627450980393,0.8235294117647058,0.9518716577540107,0.8372093023255813,0.9384615384615385
2,5,STFT,theta,-,Random Forest,0.51953125,0.631578947368421,0.0,0.0,0.5152129817444219,0.2857142857142857,0.0,0.0,0.996078431372549,0.39344262295081966,0.0,0.0,0.679144385026738
2,5,STFT,theta,-,SVM,0.498046875,0.0,0.0,0.0,0.498046875,0.0,0.0,0.0,1.0,0.0,0.0,0.0,0.6649282920469362
2,5,STFT,theta,-,kNN,0.90625,0.7,0.9888888888888889,0.91,0.9236641221374046,1.0,0.9175257731958762,0.7711864406779662,0.9490196078431372,0.8235294117647058,0.9518716577540107,0.8348623853211009,0.9361702127659575
2,5,STFT,alpha,-,Random Forest,0.548828125,0.631578947368421,0.0,1.0,0.5313807531380753,0.2857142857142857,0.0,0.1271186440677966,0.996078431372549,0.39344262295081966,0.0,0.22556390977443605,0.6930422919508867
2,5,STFT,alpha,-,SVM,0.498046875,0.0,0.0,0.0,0.498046875,0.0,0.0,0.0,1.0,0.0,0.0,0.0,0.6649282920469362
2,5,STFT,alpha,-,kNN,0.912109375,0.7755102040816326,0.9888888888888889,0.91,0.9120879120879121,0.9047619047619048,0.9175257731958762,0.7711864406779662,0.9764705882352941,0.8351648351648353,0.9518716577540107,0.8348623853211009,0.9431818181818181
2,5,STFT,beta,-,Random Forest,0.5625,0.6190476190476191,1.0,1.0,0.5404255319148936,0.30952380952380953,0.1134020618556701,0.0847457627118644,0.996078431372549,0.41269841269841273,0.2037037037037037,0.15625,0.7006896551724138
2,5,STFT,beta,-,SVM,0.822265625,0.8048780487804879,0.9090909090909091,0.7567567567567568,0.8299319727891157,0.7857142857142857,0.6185567010309279,0.711864406779661,0.9568627450980393,0.7951807228915663,0.7361963190184049,0.7336244541484717,0.8888888888888888
2,5,STFT,beta,-,kNN,0.912109375,0.7755102040816326,0.9888888888888889,0.91,0.9120879120879121,0.9047619047619048,0.9175257731958762,0.7711864406779662,0.9764705882352941,0.8351648351648353,0.9518716577540107,0.8348623853211009,0.9431818181818181
2,5,STFT,gamma,-,Random Forest,0.5859375,1.0,1.0,1.0,0.5460385438972163,0.3333333333333333,0.1134020618556701,0.1694915254237288,1.0,0.5,0.2037037037037037,0.2898550724637681,0.706371191135734
2,5,STFT,gamma,-,SVM,0.884765625,0.813953488372093,0.9883720930232558,0.8469387755102041,0.8771929824561403,0.8333333333333334,0.8762886597938144,0.7033898305084746,0.9803921568627451,0.8235294117647058,0.9289617486338797,0.7685185185185185,0.9259259259259259
2,5,STFT,gamma,-,kNN,0.900390625,0.723404255319149,0.9880952380952381,0.8796296296296297,0.9120879120879121,0.8095238095238095,0.8556701030927835,0.8050847457627118,0.9764705882352941,0.7640449438202246,0.9171270718232044,0.8407079646017699,0.9431818181818181
3,5,STFT,Delta,-,Random Forest,0.673828125,0.8157894736842105,0.0,0.6602972399150743,1.0,0.33695652173913043,0.0,1.0,0.04225352112676056,0.47692307692307695,0.0,0.7953964194373401,0.08108108108108109
3,5,STFT,Delta,-,SVM,0.61328125,0.0,0.0,0.6110019646365422,1.0,0.0,0.0,1.0,0.04225352112676056,0.0,0.0,0.7585365853658537,0.08108108108108109
3,5,STFT,Delta,-,kNN,0.939453125,0.91,0.8292682926829268,0.9641693811074918,0.9375,0.9891304347826086,0.8947368421052632,0.9517684887459807,0.8450704225352113,0.9479166666666667,0.860759493670886,0.9579288025889968,0.8888888888888888
3,5,STFT,theta,-,Random Forest,0.67578125,1.0,0.0,0.6519916142557652,1.0,0.15217391304347827,0.0,1.0,0.29577464788732394,0.2641509433962264,0.0,0.7893401015228427,0.45652173913043476
3,5,STFT,theta,-,SVM,0.61328125,0.0,0.0,0.6110019646365422,1.0,0.0,0.0,1.0,0.04225352112676056,0.0,0.0,0.7585365853658537,0.08108108108108109
3,5,STFT,theta,-,kNN,0.935546875,0.9166666666666666,0.7674418604651163,0.9579288025889967,0.96875,0.9565217391304348,0.868421052631579,0.9517684887459807,0.8732394366197183,0.9361702127659574,0.8148148148148148,0.9548387096774194,0.9185185185185184
3,5,STFT,alpha,-,Random Forest,0.681640625,1.0,0.0,0.6561181434599156,1.0,0.18478260869565216,0.0,1.0,0.29577464788732394,0.3119266055045872,0.0,0.7923566878980891,0.45652173913043476
3,5,STFT,alpha,-,SVM,0.61328125,0.0,0.0,0.6110019646365422,1.0,0.0,0.0,1.0,0.04225352112676056,0.0,0.0,0.7585365853658537,0.08108108108108109
3,5,STFT,alpha,-,kNN,0.947265625,0.91,0.8292682926829268,0.9706840390879479,0.96875,0.9891304347826086,0.8947368421052632,0.9581993569131833,0.8732394366197183,0.9479166666666667,0.860759493670886,0.9644012944983819,0.9185185185185184
3,5,STFT,beta,-,Random Forest,0.634765625,1.0,0.0,0.6244979919678715,1.0,0.11956521739130435,0.0,1.0,0.04225352112676056,0.21359223300970873,0.0,0.7688504326328801,0.08108108108108109
3,5,STFT,beta,-,SVM,0.89453125,0.9625,0.8857142857142857,0.8902077151335311,0.8333333333333334,0.8369565217391305,0.8157894736842105,0.9646302250803859,0.704225352112676,0.8953488372093024,0.8493150684931505,0.9259259259259259,0.7633587786259541
3,5,STFT,beta,-,kNN,0.947265625,0.91,0.8292682926829268,0.9832775919732442,0.9166666666666666,0.9891304347826086,0.8947368421052632,0.9453376205787781,0.9295774647887324,0.9479166666666667,0.860759493670886,0.9639344262295081,0.9230769230769231
3,5,STFT,gamma,-,Random Forest,0.6875,0.9361702127659575,0.0,0.6623655913978495,0.0,0.4782608695652174,0.0,0.9903536977491961,0.0,0.6330935251798562,0.0,0.7938144329896907,0.0
3,5,STFT,gamma,-,SVM,0.830078125,0.9122807017543859,0.8292682926829268,0.8021108179419525,1.0,0.5652173913043478,0.8947368421052632,0.977491961414791,0.49295774647887325,0.6979865771812079,0.860759493670886,0.881159420289855,0.660377358490566
3,5,STFT,gamma,-,kNN,0.947265625,0.91,0.8292682926829268,0.9832775919732442,0.9166666666666666,0.9891304347826086,0.8947368421052632,0.9453376205787781,0.9295774647887324,0.9479166666666667,0.860759493670886,0.9639344262295081,0.9230769230769231
4,5,STFT,Delta,-,Random Forest,0.59375,0.6053412462908012,0.0,0.0,0.5714285714285714,0.9855072463768116,0.0,0.0,0.7092198581560284,0.7500000000000001,0.0,0.0,0.6329113924050633
4,5,STFT,Delta,-,SVM,0.41015625,0.4066797642436149,0.0,0.0,1.0,1.0,0.0,0.0,0.02127659574468085,0.5782122905027933,0.0,0.0,0.04166666666666667
4,5,STFT,Delta,-,kNN,0.87109375,0.9411764705882353,0.8080808080808081,0.84375,0.8275862068965517,0.927536231884058,0.898876404494382,0.72,0.851063829787234,0.9343065693430658,0.851063829787234,0.776978417266187,0.8391608391608392
4,5,STFT,theta,-,Random Forest,0.533203125,0.49514563106796117,1.0,0.0,0.651685393258427,0.9855072463768116,0.12359550561797752,0.0,0.41134751773049644,0.6591276252019386,0.21999999999999997,0.0,0.5043478260869566
4,5,STFT,theta,-,SVM,0.41015625,0.4066797642436149,0.0,0.0,1.0,1.0,0.0,0.0,0.02127659574468085,0.5782122905027933,0.0,0.0,0.04166666666666667
4,5,STFT,theta,-,kNN,0.888671875,0.9295774647887324,0.8080808080808081,0.8513513513513513,0.9047619047619048,0.9565217391304348,0.898876404494382,0.84,0.8085106382978723,0.9428571428571428,0.851063829787234,0.8456375838926175,0.853932584269663
4,5,STFT,alpha,-,Random Forest,0.529296875,0.5219638242894057,0.0,0.0,0.552,0.9758454106280193,0.0,0.0,0.48936170212765956,0.6801346801346801,0.0,0.0,0.518796992481203
4,5,STFT,alpha,-,SVM,0.41015625,0.4066797642436149,0.0,0.0,1.0,1.0,0.0,0.0,0.02127659574468085,0.5782122905027933,0.0,0.0,0.04166666666666667
4,5,STFT,alpha,-,kNN,0.88671875,0.9174311926605505,0.8080808080808081,0.8695652173913043,0.9047619047619048,0.966183574879227,0.898876404494382,0.8,0.8085106382978723,0.9411764705882353,0.851063829787234,0.8333333333333333,0.853932584269663
4,5,STFT,beta,-,Random Forest,0.572265625,0.5830903790087464,0.84375,0.0,0.48175182481751827,0.966183574879227,0.30337078651685395,0.0,0.46808510638297873,0.7272727272727274,0.44628099173553715,0.0,0.4748201438848921
4,5,STFT,beta,-,SVM,0.77734375,0.7850877192982456,0.8666666666666667,0.84375,0.6896551724137931,0.8647342995169082,0.7303370786516854,0.72,0.7092198581560284,0.8229885057471265,0.7926829268292682,0.776978417266187,0.6993006993006993
4,5,STFT,beta,-,kNN,0.888671875,0.95,0.8953488372093024,0.8108108108108109,0.8421052631578947,0.9178743961352657,0.8651685393258427,0.8,0.9078014184397163,0.9336609336609336,0.88,0.8053691275167786,0.8737201365187712
4,5,STFT,gamma,-,Random Forest,0.57421875,0.5722543352601156,0.7333333333333333,0.0,0.5206611570247934,0.9565217391304348,0.3707865168539326,0.0,0.44680851063829785,0.7160940325497288,0.49253731343283585,0.0,0.48091603053435117
4,5,STFT,gamma,-,SVM,0.849609375,0.898989898989899,0.8144329896907216,0.8833333333333333,0.7961783439490446,0.8599033816425121,0.8876404494382022,0.7066666666666667,0.8865248226950354,0.8790123456790124,0.8494623655913978,0.7851851851851853,0.8389261744966444
4,5,STFT,gamma,-,kNN,0.87890625,0.9150943396226415,0.8681318681318682,0.8833333333333333,0.8322147651006712,0.9371980676328503,0.8876404494382022,0.7066666666666667,0.8794326241134752,0.9260143198090692,0.8777777777777778,0.7851851851851853,0.8551724137931035
5,5,STFT,Delta,-,Random Forest,0.64453125,0.5979381443298969,0.0,0.9142857142857143,0.631578947368421,0.5523809523809524,0.0,0.3106796116504854,0.975609756097561,0.5742574257425743,0.0,0.46376811594202894,0.7667731629392971
5,5,STFT,Delta,-,SVM,0.48046875,0.0,0.0,0.0,0.48046875,0.0,0.0,0.0,1.0,0.0,0.0,0.0,0.6490765171503958
5,5,STFT,Delta,-,kNN,0.890625,0.9534883720930233,0.7183098591549296,0.95,0.8941176470588236,0.780952380952381,0.8793103448275862,0.9223300970873787,0.926829268292683,0.8586387434554973,0.7906976744186047,0.9359605911330049,0.9101796407185628
5,5,STFT,theta,-,Random Forest,0.556640625,0.9444444444444444,1.0,0.0,0.5222929936305732,0.3238095238095238,0.08620689655172414,0.0,1.0,0.4822695035460993,0.15873015873015872,0.0,0.6861924686192469
5,5,STFT,theta,-,SVM,0.48046875,0.0,0.0,0.0,0.48046875,0.0,0.0,0.0,1.0,0.0,0.0,0.0,0.6490765171503958
5,5,STFT,theta,-,kNN,0.904296875,0.8899082568807339,0.7846153846153846,0.95,0.9243697478991597,0.9238095238095239,0.8793103448275862,0.9223300970873787,0.8943089430894309,0.9065420560747663,0.8292682926829268,0.9359605911330049,0.9090909090909092
5,5,STFT,alpha,-,Random Forest,0.552734375,1.0,0.6363636363636364,0.0,0.5222929936305732,0.2857142857142857,0.1206896551724138,0.0,1.0,0.4444444444444445,0.20289855072463767,0.0,0.6861924686192469
5,5,STFT,alpha,-,SVM,0.48046875,0.0,0.0,0.0,0.48046875,0.0,0.0,0.0,1.0,0.0,0.0,0.0,0.6490765171503958
5,5,STFT,alpha,-,kNN,0.875,0.92,0.7424242424242424,0.8715596330275229,0.8945147679324894,0.8761904761904762,0.8448275862068966,0.9223300970873787,0.8617886178861789,0.8975609756097561,0.7903225806451614,0.8962264150943398,0.8778467908902691
5,5,STFT,beta,-,Random Forest,0.6171875,0.0,1.0,0.7176470588235294,0.5784313725490197,0.0,0.3275862068965517,0.5922330097087378,0.959349593495935,0.0,0.49350649350649356,0.648936170212766,0.7217125382262998
5,5,STFT,beta,-,SVM,0.65625,0.7142857142857143,0.8636363636363636,0.5806451612903226,0.6551724137931034,0.3333333333333333,0.3275862068965517,0.5242718446601942,0.926829268292683,0.4545454545454545,0.47500000000000003,0.5510204081632653,0.7676767676767676
5,5,STFT,beta,-,kNN,0.90625,0.8899082568807339,0.8703703703703703,0.9150943396226415,0.9176954732510288,0.9238095238095239,0.8103448275862069,0.941747572815534,0.9065040650406504,0.9065420560747663,0.8392857142857144,0.9282296650717704,0.9120654396728016
5,5,STFT,gamma,-,Random Forest,0.494140625,0.0,0.0,1.0,0.4871287128712871,0.0,0.0,0.06796116504854369,1.0,0.0,0.0,0.12727272727272726,0.6551264980026631
5,5,STFT,gamma,-,SVM,0.8046875,0.89,0.8,0.9565217391304348,0.7435064935064936,0.8476190476190476,0.4827586206896552,0.6407766990291263,0.9308943089430894,0.8682926829268293,0.6021505376344086,0.7674418604651164,0.8267148014440433
5,5,STFT,gamma,-,kNN,0.888671875,0.8899082568807339,0.7424242424242424,0.967741935483871,0.8975409836065574,0.9238095238095239,0.8448275862068966,0.8737864077669902,0.8902439024390244,0.9065420560747663,0.7903225806451614,0.9183673469387754,0.8938775510204082
6,5,STFT,Delta,-,Random Forest,0.578125,0.8421052631578947,0.0,0.6290322580645161,0.521594684385382,0.2909090909090909,0.0,0.6223404255319149,0.7696078431372549,0.4324324324324324,0.0,0.625668449197861,0.6217821782178219
6,5,STFT,Delta,-,SVM,0.404296875,0.0,0.0,1.0,0.40078585461689586,0.0,0.0,0.015957446808510637,1.0,0.0,0.0,0.031413612565445025,0.5722300140252454
6,5,STFT,Delta,-,kNN,0.91015625,0.7571428571428571,1.0,0.9076923076923077,0.9441624365482234,0.9636363636363636,0.8048780487804879,0.9414893617021277,0.9117647058823529,0.848,0.8918918918918919,0.9242819843342037,0.9276807980049876
6,5,STFT,theta,-,Random Forest,0.666015625,1.0,0.7272727272727273,0.6585365853658537,0.6410256410256411,0.38181818181818183,0.1951219512195122,0.8617021276595744,0.7352941176470589,0.5526315789473685,0.3076923076923077,0.7465437788018433,0.6849315068493151
6,5,STFT,theta,-,SVM,0.404296875,0.0,0.0,1.0,0.40078585461689586,0.0,0.0,0.015957446808510637,1.0,0.0,0.0,0.031413612565445025,0.5722300140252454
6,5,STFT,theta,-,kNN,0.888671875,0.7833333333333333,0.8529411764705882,0.8960396039603961,0.9315789473684211,0.8545454545454545,0.7073170731707317,0.9627659574468085,0.8676470588235294,0.817391304347826,0.7733333333333334,0.9282051282051282,0.8984771573604061
6,5,STFT,alpha,-,Random Forest,0.689453125,1.0,0.7272727272727273,0.7487437185929648,0.6227758007117438,0.38181818181818183,0.1951219512195122,0.7925531914893617,0.8578431372549019,0.5526315789473685,0.3076923076923077,0.7700258397932817,0.7216494845360825
6,5,STFT,alpha,-,SVM,0.404296875,0.0,0.0,1.0,0.40078585461689586,0.0,0.0,0.015957446808510637,1.0,0.0,0.0,0.031413612565445025,0.5722300140252454
6,5,STFT,alpha,-,kNN,0.916015625,0.9375,0.9230769230769231,0.9144385026737968,0.9245283018867925,0.8181818181818182,0.8780487804878049,0.9095744680851063,0.9607843137254902,0.8737864077669902,0.9,0.9119999999999998,0.9423076923076923
6,5,STFT,beta,-,Random Forest,0.548828125,0.0,0.7272727272727273,0.48533333333333334,0.7222222222222222,0.0,0.1951219512195122,0.9680851063829787,0.44607843137254904,0.0,0.3076923076923077,0.6465364120781527,0.5515151515151515
6,5,STFT,beta,-,SVM,0.83984375,0.9772727272727273,0.9230769230769231,0.7929292929292929,0.8325358851674641,0.7818181818181819,0.8780487804878049,0.8351063829787234,0.8529411764705882,0.8686868686868686,0.9,0.8134715025906736,0.8426150121065374
6,5,STFT,beta,-,kNN,0.900390625,0.9230769230769231,0.8529411764705882,0.9197860962566845,0.8783783783783784,0.8727272727272727,0.7073170731707317,0.9148936170212766,0.9558823529411765,0.897196261682243,0.7733333333333334,0.9173333333333333,0.9154929577464789
6,5,STFT,gamma,-,Random Forest,0.662109375,0.0,0.0,0.6666666666666666,0.6573705179282868,0.0,0.0,0.925531914893617,0.8088235294117647,0.0,0.0,0.775055679287305,0.7252747252747253
6,5,STFT,gamma,-,SVM,0.90234375,0.78125,0.9230769230769231,0.9139784946236559,0.9253731343283582,0.9090909090909091,0.8780487804878049,0.9042553191489362,0.9117647058823529,0.8403361344537814,0.9,0.9090909090909091,0.9185185185185185
6,5,STFT,gamma,-,kNN,0.888671875,0.9230769230769231,0.7380952380952381,0.9239766081871345,0.88,0.8727272727272727,0.7560975609756098,0.8404255319148937,0.9705882352941176,0.897196261682243,0.746987951807229,0.8802228412256267,0.9230769230769231
7,5,STFT,Delta,-,Random Forest,0.6171875,0.9411764705882353,0.8888888888888888,0.8936170212765957,0.5627906976744186,0.20253164556962025,0.26666666666666666,0.328125,0.9877551020408163,0.33333333333333337,0.41025641025641024,0.48000000000000004,0.717037037037037
7,5,STFT,Delta,-,SVM,0.484375,0.0,0.0,1.0,0.481335952848723,0.0,0.0,0.0234375,1.0,0.0,0.0,0.04580152671755725,0.649867374005305
7,5,STFT,Delta,-,kNN,0.87109375,0.9285714285714286,0.8387096774193549,0.7761194029850746,0.9146341463414634,0.8227848101265823,0.8666666666666667,0.8125,0.9183673469387755,0.87248322147651,0.8524590163934426,0.7938931297709924,0.9164969450101833
7,5,STFT,theta,-,Random Forest,0.603515625,0.0,0.0,0.7244897959183674,0.5748792270531401,0.0,0.0,0.5546875,0.9714285714285714,0.0,0.0,0.6283185840707964,0.7223065250379362
7,5,STFT,theta,-,SVM,0.484375,0.0,0.0,1.0,0.481335952848723,0.0,0.0,0.0234375,1.0,0.0,0.0,0.04580152671755725,0.649867374005305
7,5,STFT,theta,-,kNN,0.8828125,0.9027777777777778,0.7297297297297297,0.8793103448275862,0.924,0.8227848101265823,0.9,0.796875,0.9428571428571428,0.8609271523178809,0.8059701492537312,0.8360655737704917,0.9333333333333332
7,5,STFT,alpha,-,Random Forest,0.591796875,0.0,1.0,1.0,0.539647577092511,0.0,0.08333333333333333,0.4140625,1.0,0.0,0.15384615384615385,0.585635359116022,0.7010014306151644
7,5,STFT,alpha,-,SVM,0.484375,0.0,0.0,1.0,0.481335952848723,0.0,0.0,0.0234375,1.0,0.0,0.0,0.04580152671755725,0.649867374005305
7,5,STFT,alpha,-,kNN,0.8671875,0.9482758620689655,0.7125,0.7941176470588235,0.9411764705882353,0.6962025316455697,0.95,0.84375,0.9142857142857143,0.8029197080291972,0.8142857142857143,0.8181818181818182,0.9275362318840579
7,5,STFT,beta,-,Random Forest,0.576171875,0.0,0.0,0.828125,0.5401785714285714,0.0,0.0,0.4140625,0.9877551020408163,0.0,0.0,0.5520833333333334,0.6984126984126984
7,5,STFT,beta,-,SVM,0.80078125,0.9347826086956522,0.6727272727272727,0.6292134831460674,0.9356223175965666,0.5443037974683544,0.6166666666666667,0.875,0.889795918367347,0.6880000000000001,0.6434782608695652,0.7320261437908497,0.9121338912133892
7,5,STFT,beta,-,kNN,0.89453125,0.8928571428571429,0.8387096774193549,0.8524590163934426,0.930327868852459,0.9493670886075949,0.8666666666666667,0.8125,0.926530612244898,0.920245398773006,0.8524590163934426,0.8319999999999999,0.9284253578732106
7,5,STFT,gamma,-,Random Forest,0.580078125,0.0,0.0,0.8088235294117647,0.545045045045045,0.0,0.0,0.4296875,0.9877551020408163,0.0,0.0,0.5612244897959183,0.702467343976778
7,5,STFT,gamma,-,SVM,0.83984375,0.9285714285714286,0.813953488372093,0.7571428571428571,0.8648648648648649,0.8227848101265823,0.5833333333333334,0.828125,0.9142857142857143,0.87248322147651,0.6796116504854369,0.7910447761194029,0.888888888888889
7,5,STFT,gamma,-,kNN,0.87890625,0.9027777777777778,0.7297297297297297,0.8524590163934426,0.930327868852459,0.8227848101265823,0.9,0.8125,0.926530612244898,0.8609271523178809,0.8059701492537312,0.8319999999999999,0.9284253578732106
8,5,STFT,Delta,-,Random Forest,0.5625,1.0,0.0,0.6046511627906976,0.5529157667386609,0.12,0.0,0.36619718309859156,0.9516728624535316,0.21428571428571425,0.0,0.456140350877193,0.6994535519125682
8,5,STFT,Delta,-,SVM,0.5390625,0.0,1.0,0.0,0.5326732673267327,0.0,0.05737704918032787,0.0,1.0,0.0,0.10852713178294575,0.0,0.6950904392764858
8,5,STFT,Delta,-,kNN,0.884765625,0.9069767441860465,0.7737226277372263,0.8493150684931506,0.9498069498069498,0.78,0.8688524590163934,0.8732394366197183,0.9144981412639405,0.8387096774193548,0.8185328185328186,0.861111111111111,0.9318181818181819
8,5,STFT,theta,-,Random Forest,0.6015625,0.0,0.6666666666666666,0.0,0.5924276169265034,0.0,0.3442622950819672,0.0,0.9888475836431226,0.0,0.454054054054054,0.0,0.7409470752089137
8,5,STFT,theta,-,SVM,0.5390625,0.0,1.0,0.0,0.5326732673267327,0.0,0.05737704918032787,0.0,1.0,0.0,0.10852713178294575,0.0,0.6950904392764858
8,5,STFT,theta,-,kNN,0.87109375,0.9069767441860465,0.7284768211920529,0.890625,0.9448818897637795,0.78,0.9016393442622951,0.8028169014084507,0.8921933085501859,0.8387096774193548,0.8058608058608058,0.8444444444444446,0.9177820267686425
8,5,STFT,alpha,-,Random Forest,0.619140625,0.0,0.7083333333333334,0.0,0.6045454545454545,0.0,0.4180327868852459,0.0,0.9888475836431226,0.0,0.5257731958762887,0.0,0.7503526093088858
8,5,STFT,alpha,-,SVM,0.5390625,0.0,1.0,0.0,0.5326732673267327,0.0,0.05737704918032787,0.0,1.0,0.0,0.10852713178294575,0.0,0.6950904392764858
8,5,STFT,alpha,-,kNN,0.884765625,0.8909090909090909,0.756578947368421,0.8636363636363636,0.9707112970711297,0.98,0.9426229508196722,0.8028169014084507,0.862453531598513,0.9333333333333333,0.8394160583941606,0.832116788321168,0.9133858267716536
8,5,STFT,beta,-,Random Forest,0.595703125,0.0,0.7346938775510204,0.0,0.5809935205183585,0.0,0.29508196721311475,0.0,1.0,0.0,0.4210526315789474,0.0,0.7349726775956283
8,5,STFT,beta,-,SVM,0.822265625,0.9069767441860465,0.7563025210084033,0.7540983606557377,0.8512110726643599,0.78,0.7377049180327869,0.647887323943662,0.9144981412639405,0.8387096774193548,0.7468879668049792,0.6969696969696969,0.8817204301075269
8,5,STFT,beta,-,kNN,0.875,0.9069767441860465,0.7464788732394366,0.8375,0.9554655870445344,0.78,0.8688524590163934,0.9436619718309859,0.8773234200743495,0.8387096774193548,0.803030303030303,0.8874172185430463,0.9147286821705427
8,5,STFT,gamma,-,Random Forest,0.634765625,0.9230769230769231,0.8545454545454545,0.0,0.5990990990990991,0.24,0.38524590163934425,0.0,0.9888475836431226,0.38095238095238093,0.5310734463276836,0.0,0.7461430575035063
8,5,STFT,gamma,-,SVM,0.859375,0.9069767441860465,0.7803030303030303,0.9534883720930233,0.8741496598639455,0.78,0.8442622950819673,0.5774647887323944,0.9553903345724907,0.8387096774193548,0.8110236220472441,0.7192982456140351,0.9129662522202485
8,5,STFT,gamma,-,kNN,0.890625,0.8909090909090909,0.7708333333333334,0.8493150684931506,0.975,0.98,0.9098360655737705,0.8732394366197183,0.8698884758364313,0.9333333333333333,0.8345864661654135,0.861111111111111,0.9194499017681729
9,5,STFT,Delta,-,Random Forest,0.541015625,0.7666666666666667,0.9130434782608695,0.0,0.5076252723311547,0.20175438596491227,0.1891891891891892,0.0,0.966804979253112,0.3194444444444444,0.3134328358208956,0.0,0.6657142857142858
9,5,STFT,Delta,-,SVM,0.4765625,0.0,0.0,1.0,0.47347740667976423,0.0,0.0,0.06521739130434782,1.0,0.0,0.0,0.12244897959183672,0.6426666666666666
9,5,STFT,Delta,-,kNN,0.896484375,0.8828828828828829,0.8429752066115702,0.9375,0.9233870967741935,0.8596491228070176,0.918918918918919,0.6521739130434783,0.950207468879668,0.8711111111111112,0.8793103448275863,0.7692307692307693,0.9366053169734151
9,5,STFT,theta,-,Random Forest,0.59765625,0.8115942028985508,1.0,0.0,0.5552995391705069,0.49122807017543857,0.08108108108108109,0.0,1.0,0.6120218579234973,0.15,0.0,0.7140740740740741
9,5,STFT,theta,-,SVM,0.4765625,0.0,0.0,1.0,0.47347740667976423,0.0,0.0,0.06521739130434782,1.0,0.0,0.0,0.12244897959183672,0.6426666666666666
9,5,STFT,theta,-,kNN,0.912109375,0.8828828828828829,0.941747572815534,0.9090909090909091,0.9133858267716536,0.8596491228070176,0.8738738738738738,0.8695652173913043,0.9626556016597511,0.8711111111111112,0.9065420560747663,0.888888888888889,0.9373737373737374
9,5,STFT,alpha,-,Random Forest,0.611328125,1.0,0.6986301369863014,0.0,0.5765550239234449,0.18421052631578946,0.4594594594594595,0.0,1.0,0.3111111111111111,0.5543478260869565,0.0,0.7314112291350531
9,5,STFT,alpha,-,SVM,0.4765625,0.0,0.0,1.0,0.47347740667976423,0.0,0.0,0.06521739130434782,1.0,0.0,0.0,0.12244897959183672,0.6426666666666666
9,5,STFT,alpha,-,kNN,0.904296875,0.9090909090909091,0.979381443298969,0.8301886792452831,0.8897338403041825,0.7894736842105263,0.8558558558558559,0.9565217391304348,0.970954356846473,0.8450704225352113,0.9134615384615384,0.888888888888889,0.9285714285714286
9,5,STFT,beta,-,Random Forest,0.548828125,0.0,0.589041095890411,0.0,0.5421412300683371,0.0,0.38738738738738737,0.0,0.9875518672199171,0.0,0.4673913043478261,0.0,0.7
9,5,STFT,beta,-,SVM,0.853515625,0.8791208791208791,0.8888888888888888,0.9090909090909091,0.8237410071942446,0.7017543859649122,0.7927927927927928,0.8695652173913043,0.950207468879668,0.7804878048780487,0.8380952380952381,0.888888888888889,0.882466281310212
9,5,STFT,beta,-,kNN,0.896484375,0.897196261682243,0.8429752066115702,0.8292682926829268,0.934156378600823,0.8421052631578947,0.918918918918919,0.7391304347826086,0.941908713692946,0.8687782805429863,0.8793103448275863,0.7816091954022988,0.9380165289256197
9,5,STFT,gamma,-,Random Forest,0.552734375,0.0,0.4336283185840708,0.0,0.5864661654135338,0.0,0.44144144144144143,0.0,0.970954356846473,0.0,0.43750000000000006,0.0,0.73125
9,5,STFT,gamma,-,SVM,0.8671875,0.8828828828828829,0.9358974358974359,0.9090909090909091,0.8351254480286738,0.8596491228070176,0.6576576576576577,0.8695652173913043,0.966804979253112,0.8711111111111112,0.7724867724867724,0.888888888888889,0.8961538461538461
9,5,STFT,gamma,-,kNN,0.88671875,0.9431818181818182,0.8938053097345132,0.8444444444444444,0.8721804511278195,0.7280701754385965,0.9099099099099099,0.8260869565217391,0.9626556016597511,0.8217821782178218,0.9017857142857143,0.8351648351648352,0.9151873767258383
10,5,STFT,Delta,-,Random Forest,0.537109375,0.0,0.725,0.4046511627906977,0.5706214689265536,0.0,0.75,0.6126760563380281,0.6047904191616766,0.0,0.7372881355932203,0.4873949579831933,0.5872093023255814
10,5,STFT,Delta,-,SVM,0.326171875,0.0,0.0,0.0,0.326171875,0.0,0.0,0.0,1.0,0.0,0.0,0.0,0.49189985272459497
10,5,STFT,Delta,-,kNN,0.87890625,0.9210526315789473,0.8974358974358975,0.8125,0.9119496855345912,0.8045977011494253,0.9051724137931034,0.9154929577464789,0.8682634730538922,0.8588957055214723,0.9012875536480686,0.8609271523178808,0.8895705521472391
10,5,STFT,theta,-,Random Forest,0.658203125,0.0,0.7191780821917808,0.6721311475409836,0.6147540983606558,0.0,0.9051724137931034,0.5774647887323944,0.8982035928143712,0.0,0.8015267175572519,0.6212121212121212,0.7299270072992701
10,5,STFT,theta,-,SVM,0.326171875,0.0,0.0,0.0,0.326171875,0.0,0.0,0.0,1.0,0.0,0.0,0.0,0.49189985272459497
10,5,STFT,theta,-,kNN,0.89453125,0.9294117647058824,0.8345864661654135,0.85,0.9850746268656716,0.9080459770114943,0.9568965517241379,0.9577464788732394,0.7904191616766467,0.9186046511627908,0.891566265060241,0.9006622516556291,0.8770764119601329
10,5,STFT,alpha,-,Random Forest,0.658203125,0.0,0.7734375,0.7631578947368421,0.5592592592592592,0.0,0.853448275862069,0.6126760563380281,0.9041916167664671,0.0,0.8114754098360656,0.6796875,0.6910755148741419
10,5,STFT,alpha,-,SVM,0.326171875,0.0,0.0,0.0,0.326171875,0.0,0.0,0.0,1.0,0.0,0.0,0.0,0.49189985272459497
10,5,STFT,alpha,-,kNN,0.8828125,0.9090909090909091,0.856,0.863013698630137,0.9084967320261438,0.9195402298850575,0.9224137931034483,0.8873239436619719,0.8323353293413174,0.9142857142857144,0.8879668049792531,0.875,0.8687500000000001
10,5,STFT,beta,-,Random Forest,0.666015625,1.0,0.7876106194690266,0.6039603960396039,0.6492146596858639,0.06896551724137931,0.7672413793103449,0.8591549295774648,0.7425149700598802,0.12903225806451613,0.777292576419214,0.7093023255813954,0.6927374301675977
10,5,STFT,beta,-,SVM,0.853515625,0.9459459459459459,0.95,0.7267441860465116,0.8855421686746988,0.8045977011494253,0.8189655172413793,0.8802816901408451,0.8802395209580839,0.8695652173913044,0.8796296296296298,0.7961783439490446,0.8828828828828829
10,5,STFT,beta,-,kNN,0.888671875,0.9705882352941176,0.9210526315789473,0.8109756097560976,0.9096385542168675,0.7586206896551724,0.9051724137931034,0.9366197183098591,0.9041916167664671,0.8516129032258065,0.9130434782608695,0.869281045751634,0.906906906906907
10,5,STFT,gamma,-,Random Forest,0.626953125,0.0,0.8953488372093024,0.6993006993006993,0.508833922261484,0.0,0.6637931034482759,0.704225352112676,0.8622754491017964,0.0,0.7623762376237624,0.7017543859649124,0.64
10,5,STFT,gamma,-,SVM,0.884765625,0.9294117647058824,0.8770491803278688,0.8661971830985915,0.8834355828220859,0.9080459770114943,0.9224137931034483,0.8661971830985915,0.8622754491017964,0.9186046511627908,0.8991596638655462,0.8661971830985915,0.8727272727272728
10,5,STFT,gamma,-,kNN,0.912109375,0.8924731182795699,0.9528301886792453,0.8701298701298701,0.9371069182389937,0.9540229885057471,0.8706896551724138,0.9436619718309859,0.8922155688622755,0.9222222222222222,0.9099099099099099,0.9054054054054054,0.9141104294478527
11,5,STFT,Delta,-,Random Forest,0.626953125,1.0,1.0,0.541025641025641,0.8651685393258427,0.25806451612903225,0.1323529411764706,1.0,0.55,0.41025641025641024,0.23376623376623376,0.7021630615640599,0.6724890829694324
11,5,STFT,Delta,-,SVM,0.412109375,0.0,0.0,0.412109375,0.0,0.0,0.0,1.0,0.0,0.0,0.0,0.5836791147994468,0.0
11,5,STFT,Delta,-,kNN,0.880859375,0.9125,0.7529411764705882,0.9242424242424242,0.8791946308724832,0.7849462365591398,0.9411764705882353,0.8672985781990521,0.9357142857142857,0.8439306358381503,0.8366013071895425,0.8948655256723715,0.9065743944636678
11,5,STFT,theta,-,Random Forest,0.55859375,0.0,0.0,0.5113350125944585,0.7217391304347827,0.0,0.0,0.9620853080568721,0.5928571428571429,0.0,0.0,0.667763157894737,0.6509803921568629
11,5,STFT,theta,-,SVM,0.412109375,0.0,0.0,0.412109375,0.0,0.0,0.0,1.0,0.0,0.0,0.0,0.5836791147994468,0.0
11,5,STFT,theta,-,kNN,0.88671875,0.8090909090909091,0.7901234567901234,0.9709302325581395,0.8993288590604027,0.956989247311828,0.9411764705882353,0.7914691943127962,0.9571428571428572,0.8768472906403941,0.8590604026845637,0.8720626631853785,0.9273356401384083
11,5,STFT,alpha,-,Random Forest,0.5234375,0.0,0.0,0.4975124378109453,0.6181818181818182,0.0,0.0,0.9478672985781991,0.4857142857142857,0.0,0.0,0.6525285481239804,0.5439999999999999
11,5,STFT,alpha,-,SVM,0.412109375,0.0,0.0,0.412109375,0.0,0.0,0.0,1.0,0.0,0.0,0.0,0.5836791147994468,0.0
11,5,STFT,alpha,-,kNN,0.91015625,0.9222222222222223,1.0,0.9223300970873787,0.85625,0.8924731182795699,0.8235294117647058,0.9004739336492891,0.9785714285714285,0.9071038251366121,0.9032258064516129,0.9112709832134294,0.9133333333333333
11,5,STFT,beta,-,Random Forest,0.5078125,1.0,0.5813953488372093,0.48333333333333334,0.5384615384615384,0.053763440860215055,0.36764705882352944,0.8246445497630331,0.4,0.10204081632653061,0.4504504504504505,0.6094570928196148,0.45901639344262296
11,5,STFT,beta,-,SVM,0.84765625,0.8041237113402062,1.0,0.88,0.779874213836478,0.8387096774193549,0.8235294117647058,0.8341232227488151,0.8857142857142857,0.8210526315789475,0.9032258064516129,0.8564476885644767,0.8294314381270903
11,5,STFT,beta,-,kNN,0.892578125,0.845360824742268,0.8289473684210527,0.9024390243902439,0.9477611940298507,0.8817204301075269,0.9264705882352942,0.8767772511848341,0.9071428571428571,0.8631578947368421,0.875,0.8894230769230769,0.927007299270073
11,5,STFT,gamma,-,Random Forest,0.560546875,0.9655172413793104,1.0,0.5719557195571956,0.4098360655737705,0.3010752688172043,0.4264705882352941,0.7345971563981043,0.5357142857142857,0.45901639344262296,0.5979381443298969,0.6431535269709544,0.46439628482972134
11,5,STFT,gamma,-,SVM,0.8828125,0.8877551020408163,0.9516129032258065,0.9210526315789473,0.808641975308642,0.9354838709677419,0.8676470588235294,0.8293838862559242,0.9357142857142857,0.9109947643979057,0.9076923076923077,0.8728179551122194,0.8675496688741722
11,5,STFT,gamma,-,kNN,0.908203125,0.9411764705882353,0.8289473684210527,0.8986175115207373,0.9477611940298507,0.8602150537634409,0.9264705882352942,0.9241706161137441,0.9071428571428571,0.898876404494382,0.875,0.9112149532710281,0.927007299270073
12,5,STFT,Delta,-,Random Forest,0.759765625,0.0,0.9019607843137255,0.0,0.6991643454038997,0.0,0.7076923076923077,0.0,0.9920948616600791,0.0,0.7931034482758621,0.0,0.8202614379084967
12,5,STFT,Delta,-,SVM,0.494140625,0.0,0.0,0.0,0.494140625,0.0,0.0,0.0,1.0,0.0,0.0,0.0,0.661437908496732
12,5,STFT,Delta,-,kNN,0.9375,0.8484848484848485,0.9390862944162437,0.9629629629629629,0.9450980392156862,1.0,0.9487179487179487,0.7222222222222222,0.9525691699604744,0.9180327868852458,0.9438775510204082,0.8253968253968254,0.9488188976377954
12,5,STFT,theta,-,Random Forest,0.783203125,0.0,0.9135802469135802,0.0,0.7228571428571429,0.0,0.7589743589743589,0.0,1.0,0.0,0.8291316526610644,0.0,0.8391376451077943
12,5,STFT,theta,-,SVM,0.494140625,0.0,0.0,0.0,0.494140625,0.0,0.0,0.0,1.0,0.0,0.0,0.0,0.661437908496732
12,5,STFT,theta,-,kNN,0.951171875,0.8484848484848485,0.9726775956284153,0.9444444444444444,0.95,1.0,0.9128205128205128,0.9444444444444444,0.9762845849802372,0.9180327868852458,0.9417989417989417,0.9444444444444444,0.962962962962963
12,5,STFT,alpha,-,Random Forest,0.65625,0.0,0.7109375,0.0,0.6380208333333334,0.0,0.4666666666666667,0.0,0.9683794466403162,0.0,0.5634674922600619,0.0,0.7692307692307693
12,5,STFT,alpha,-,SVM,0.494140625,0.0,0.0,0.0,0.494140625,0.0,0.0,0.0,1.0,0.0,0.0,0.0,0.661437908496732
12,5,STFT,alpha,-,kNN,0.9375,0.96,0.9346733668341709,0.9629629629629629,0.9348659003831418,0.8571428571428571,0.9538461538461539,0.7222222222222222,0.9644268774703557,0.9056603773584904,0.9441624365482234,0.8253968253968254,0.9494163424124513
12,5,STFT,beta,-,Random Forest,0.75,0.0,0.6911196911196911,0.0,0.8102766798418972,0.0,0.9179487179487179,0.0,0.8102766798418972,0.0,0.7885462555066078,0.0,0.8102766798418972
12,5,STFT,beta,-,SVM,0.83984375,0.96,0.7457627118644068,0.9444444444444444,0.9116279069767442,0.8571428571428571,0.9025641025641026,0.9444444444444444,0.7747035573122529,0.9056603773584904,0.8167053364269141,0.9444444444444444,0.8376068376068376
12,5,STFT,beta,-,kNN,0.9453125,0.8484848484848485,0.9086538461538461,0.9444444444444444,0.9914893617021276,1.0,0.9692307692307692,0.9444444444444444,0.9209486166007905,0.9180327868852458,0.9379652605459057,0.9444444444444444,0.9549180327868853
12,5,STFT,gamma,-,Random Forest,0.71875,0.0,0.8888888888888888,0.0,0.6578249336870027,0.0,0.6153846153846154,0.0,0.9802371541501976,0.0,0.7272727272727274,0.0,0.7873015873015874
12,5,STFT,gamma,-,SVM,0.91015625,0.96,0.8689320388349514,0.9444444444444444,0.9346938775510204,0.8571428571428571,0.9179487179487179,0.9444444444444444,0.9051383399209486,0.9056603773584904,0.8927680798004987,0.9444444444444444,0.9196787148594378
12,5,STFT,gamma,-,kNN,0.951171875,0.96,0.9219512195121952,0.9444444444444444,0.975609756097561,0.8571428571428571,0.9692307692307692,0.9444444444444444,0.9486166007905138,0.9056603773584904,0.9450000000000001,0.9444444444444444,0.9619238476953909
13,5,STFT,Delta,-,Random Forest,0.69921875,0.0,0.6831683168316832,0.0,0.722488038277512,0.0,0.8448979591836735,0.0,0.766497461928934,0.0,0.7554744525547447,0.0,0.7438423645320196
13,5,STFT,Delta,-,SVM,0.484375,0.0,0.481335952848723,0.0,1.0,0.0,1.0,0.0,0.015228426395939087,0.0,0.649867374005305,0.0,0.030000000000000002
13,5,STFT,Delta,-,kNN,0.921875,1.0,0.9473684210526315,0.7936507936507936,0.925531914893617,0.8235294117647058,0.9551020408163265,0.9433962264150944,0.883248730964467,0.9032258064516129,0.951219512195122,0.8620689655172413,0.9038961038961039
13,5,STFT,theta,-,Random Forest,0.748046875,0.0,0.7667844522968198,0.0,0.7248908296943232,0.0,0.8857142857142857,0.0,0.8426395939086294,0.0,0.8219696969696969,0.0,0.7793427230046949
13,5,STFT,theta,-,SVM,0.484375,0.0,0.481335952848723,0.0,1.0,0.0,1.0,0.0,0.015228426395939087,0.0,0.649867374005305,0.0,0.030000000000000002
13,5,STFT,theta,-,kNN,0.904296875,1.0,0.9395161290322581,0.8297872340425532,0.8719211822660099,0.8235294117647058,0.9510204081632653,0.7358490566037735,0.8984771573604061,0.9032258064516129,0.9452332657200812,0.78,0.885
13,5,STFT,alpha,-,Random Forest,0.76953125,0.0,0.7029411764705882,0.0,0.9011627906976745,0.0,0.9755102040816327,0.0,0.7868020304568528,0.0,0.8170940170940172,0.0,0.8401084010840109
13,5,STFT,alpha,-,SVM,0.484375,0.0,0.481335952848723,0.0,1.0,0.0,1.0,0.0,0.015228426395939087,0.0,0.649867374005305,0.0,0.030000000000000002
13,5,STFT,alpha,-,kNN,0.916015625,1.0,0.9473684210526315,0.8695652173913043,0.8829268292682927,0.8235294117647058,0.9551020408163265,0.7547169811320755,0.9187817258883249,0.9032258064516129,0.951219512195122,0.8080808080808081,0.9004975124378108
13,5,STFT,beta,-,Random Forest,0.67578125,0.0,0.8846153846153846,0.0,0.5606060606060606,0.0,0.6571428571428571,0.0,0.9390862944162437,0.0,0.7540983606557377,0.0,0.7020872865275143
13,5,STFT,beta,-,SVM,0.849609375,0.6153846153846154,0.8582677165354331,0.8421052631578947,0.8742857142857143,0.9411764705882353,0.889795918367347,0.9056603773584906,0.7766497461928934,0.744186046511628,0.8737474949899801,0.8727272727272727,0.8225806451612904
13,5,STFT,beta,-,kNN,0.91015625,1.0,0.9621848739495799,0.8076923076923077,0.8701923076923077,0.8235294117647058,0.9346938775510204,0.7924528301886793,0.9187817258883249,0.9032258064516129,0.94824016563147,0.7999999999999999,0.893827160493827
13,5,STFT,gamma,-,Random Forest,0.70703125,0.0,0.7410358565737052,0.0,0.6743295019157088,0.0,0.7591836734693878,0.0,0.8934010152284264,0.0,0.7500000000000001,0.0,0.7685589519650656
13,5,STFT,gamma,-,SVM,0.861328125,1.0,0.9254385964912281,0.8695652173913043,0.7857142857142857,0.8235294117647058,0.8612244897959184,0.7547169811320755,0.8934010152284264,0.9032258064516129,0.8921775898520085,0.8080808080808081,0.8361045130641331
13,5,STFT,gamma,-,kNN,0.896484375,0.6153846153846154,0.9779735682819384,0.9375,0.8414096916299559,0.9411764705882353,0.9061224489795918,0.5660377358490566,0.9695431472081218,0.744186046511628,0.940677966101695,0.7058823529411765,0.9009433962264151
14,5,STFT,Delta,-,Random Forest,0.572265625,0.0,0.6428571428571429,1.0,0.4901185770750988,0.0,0.8617021276595744,0.06930693069306931,0.8611111111111112,0.0,0.7363636363636363,0.12962962962962962,0.6246851385390428
14,5,STFT,Delta,-,SVM,0.38671875,0.0,0.3745019920318725,0.0,1.0,0.0,1.0,0.0,0.06944444444444445,0.0,0.5449275362318841,0.0,0.12987012987012989
14,5,STFT,Delta,-,kNN,0.935546875,0.868421052631579,0.9476439790575916,0.8828828828828829,1.0,0.8354430379746836,0.9627659574468085,0.9702970297029703,0.9305555555555556,0.8516129032258065,0.9551451187335092,0.9245283018867925,0.9640287769784173
14,5,STFT,theta,-,Random Forest,0.654296875,0.0,0.6513761467889908,0.7922077922077922,0.6082949308755761,0.0,0.7553191489361702,0.6039603960396039,0.9166666666666666,0.0,0.6995073891625616,0.6853932584269663,0.7313019390581719
14,5,STFT,theta,-,SVM,0.38671875,0.0,0.3745019920318725,0.0,1.0,0.0,1.0,0.0,0.06944444444444445,0.0,0.5449275362318841,0.0,0.12987012987012989
14,5,STFT,theta,-,kNN,0.947265625,0.8780487804878049,0.9296482412060302,0.9690721649484536,1.0,0.9113924050632911,0.9840425531914894,0.9306930693069307,0.9305555555555556,0.8944099378881988,0.9560723514211886,0.9494949494949495,0.9640287769784173
14,5,STFT,alpha,-,Random Forest,0.669921875,0.0,0.627906976744186,0.8311688311688312,0.6610169491525424,0.0,0.8617021276595744,0.6336633663366337,0.8125,0.0,0.7264573991031391,0.7191011235955057,0.7289719626168225
14,5,STFT,alpha,-,SVM,0.357421875,0.0,0.3802197802197802,0.0,1.0,0.0,0.9202127659574468,0.0,0.06944444444444445,0.0,0.5381026438569206,0.0,0.12987012987012989
14,5,STFT,alpha,-,kNN,0.9296875,0.8857142857142857,0.900990099009901,0.9690721649484536,0.965034965034965,0.7848101265822784,0.9680851063829787,0.9306930693069307,0.9583333333333334,0.8322147651006712,0.9333333333333335,0.9494949494949495,0.9616724738675957
14,5,STFT,beta,-,Random Forest,0.603515625,0.0,0.5387755102040817,0.6388888888888888,0.6910569105691057,0.0,0.7021276595744681,0.9108910891089109,0.5902777777777778,0.0,0.6096997690531178,0.7510204081632654,0.6367041198501873
14,5,STFT,beta,-,SVM,0.931640625,0.8395061728395061,0.905,0.9690721649484536,1.0,0.8607594936708861,0.9627659574468085,0.9306930693069307,0.9305555555555556,0.8500000000000001,0.9329896907216496,0.9494949494949495,0.9640287769784173
14,5,STFT,beta,-,kNN,0.919921875,0.9285714285714286,0.8862559241706162,0.8828828828828829,1.0,0.6582278481012658,0.9946808510638298,0.9702970297029703,0.9305555555555556,0.7703703703703704,0.93734335839599,0.9245283018867925,0.9640287769784173
14,5,STFT,gamma,-,Random Forest,0.541015625,0.0,0.6735751295336787,1.0,0.4189189189189189,0.0,0.6914893617021277,0.22772277227722773,0.8611111111111112,0.0,0.6824146981627296,0.3709677419354839,0.5636363636363637
14,5,STFT,gamma,-,SVM,0.927734375,0.8857142857142857,0.9296482412060302,0.9690721649484536,0.9178082191780822,0.7848101265822784,0.9840425531914894,0.9306930693069307,0.9305555555555556,0.8322147651006712,0.9560723514211886,0.9494949494949495,0.9241379310344828
14,5,STFT,gamma,-,kNN,0.919921875,0.9285714285714286,0.8862559241706162,0.8828828828828829,1.0,0.6582278481012658,0.9946808510638298,0.9702970297029703,0.9305555555555556,0.7703703703703704,0.93734335839599,0.9245283018867925,0.9640287769784173
15,5,STFT,Delta,-,Random Forest,0.7109375,0.9629629629629629,0.8070175438596491,0.5892857142857143,0.7555555555555555,0.35135135135135137,0.8313253012048193,0.8407643312101911,0.591304347826087,0.5148514851485149,0.8189910979228486,0.6929133858267718,0.6634146341463414
15,5,STFT,Delta,-,SVM,0.326171875,0.0,1.0,0.31274900398406374,1.0,0.0,0.04216867469879518,1.0,0.02608695652173913,0.0,0.08092485549132947,0.4764795144157815,0.05084745762711864
15,5,STFT,Delta,-,kNN,0.923828125,0.891566265060241,0.9936305732484076,0.9,0.8839285714285714,1.0,0.9397590361445783,0.9171974522292994,0.8608695652173913,0.9426751592356688,0.9659442724458205,0.9085173501577287,0.8722466960352422
15,5,STFT,theta,-,Random Forest,0.625,0.0,0.536,0.8134328358208955,0.6015625,0.0,0.8072289156626506,0.6942675159235668,0.6695652173913044,0.0,0.6442307692307693,0.7491408934707904,0.6337448559670782
15,5,STFT,theta,-,SVM,0.326171875,0.0,1.0,0.31274900398406374,1.0,0.0,0.04216867469879518,1.0,0.02608695652173913,0.0,0.08092485549132947,0.4764795144157815,0.05084745762711864
15,5,STFT,theta,-,kNN,0.931640625,0.891566265060241,0.9936305732484076,0.952054794520548,0.8571428571428571,1.0,0.9397590361445783,0.8853503184713376,0.9391304347826087,0.9426751592356688,0.9659442724458205,0.9174917491749175,0.896265560165975
15,5,STFT,alpha,-,Random Forest,0.62109375,0.0,0.5254901960784314,0.8134328358208955,0.6097560975609756,0.0,0.8072289156626506,0.6942675159235668,0.6521739130434783,0.0,0.6365795724465558,0.7491408934707904,0.6302521008403361
15,5,STFT,alpha,-,SVM,0.326171875,0.0,1.0,0.31274900398406374,1.0,0.0,0.04216867469879518,1.0,0.02608695652173913,0.0,0.08092485549132947,0.4764795144157815,0.05084745762711864
15,5,STFT,alpha,-,kNN,0.927734375,0.9102564102564102,0.9936305732484076,0.9391891891891891,0.8449612403100775,0.9594594594594594,0.9397590361445783,0.8853503184713376,0.9478260869565217,0.9342105263157894,0.9659442724458205,0.9114754098360657,0.8934426229508196
15,5,STFT,beta,-,Random Forest,0.703125,0.0,0.7272727272727273,0.6268656716417911,0.8131868131868132,0.0,0.963855421686747,0.802547770700637,0.6434782608695652,0.0,0.8290155440414507,0.7039106145251397,0.7184466019417475
15,5,STFT,beta,-,SVM,0.91015625,0.918918918918919,0.9248554913294798,0.8848484848484849,0.92,0.918918918918919,0.963855421686747,0.9299363057324841,0.8,0.918918918918919,0.943952802359882,0.9068322981366459,0.8558139534883721
15,5,STFT,beta,-,kNN,0.919921875,0.8987341772151899,0.9751552795031055,0.9266666666666666,0.8524590163934426,0.9594594594594594,0.9457831325301205,0.8853503184713376,0.9043478260869565,0.9281045751633986,0.9602446483180428,0.9055374592833875,0.8776371308016878
15,5,STFT,gamma,-,Random Forest,0.669921875,0.9230769230769231,0.9,0.5017543859649123,0.851063829787234,0.16216216216216217,0.6506024096385542,0.910828025477707,0.6956521739130435,0.2758620689655173,0.7552447552447552,0.6470588235294118,0.7655502392344499
15,5,STFT,gamma,-,SVM,0.923828125,0.891566265060241,1.0,0.9444444444444444,0.8394160583941606,1.0,0.891566265060241,0.8662420382165605,1.0,0.9426751592356688,0.9426751592356688,0.9036544850498339,0.9126984126984127
15,5,STFT,gamma,-,kNN,0.927734375,0.9102564102564102,0.9754601226993865,0.9391891891891891,0.8617886178861789,0.9594594594594594,0.9578313253012049,0.8853503184713376,0.9217391304347826,0.9342105263157894,0.966565349544073,0.9114754098360657,0.8907563025210083
16,5,STFT,Delta,-,Random Forest,0.73046875,0.6063348416289592,0.8571428571428571,0.7466666666666667,0.8461538461538461,0.8375,0.6357615894039735,0.6588235294117647,0.7586206896551724,0.7034120734908136,0.7300380228136881,0.7000000000000001,0.8
16,5,STFT,Delta,-,SVM,0.318359375,0.3143418467583497,1.0,0.0,0.0,1.0,0.019867549668874173,0.0,0.0,0.4783258594917788,0.03896103896103896,0.0,0.0
16,5,STFT,Delta,-,kNN,0.87109375,0.8441558441558441,0.9019607843137255,0.8690476190476191,0.8677685950413223,0.8125,0.9139072847682119,0.8588235294117647,0.9051724137931034,0.8280254777070064,0.9078947368421052,0.863905325443787,0.8860759493670886
16,5,STFT,theta,-,Random Forest,0.689453125,0.541501976284585,0.8522727272727273,1.0,0.7777777777777778,0.85625,0.4966887417218543,0.4235294117647059,0.9051724137931034,0.6634382566585956,0.6276150627615064,0.5950413223140496,0.8366533864541832
16,5,STFT,theta,-,SVM,0.318359375,0.3143418467583497,1.0,0.0,0.0,1.0,0.019867549668874173,0.0,0.0,0.4783258594917788,0.03896103896103896,0.0,0.0
16,5,STFT,theta,-,kNN,0.861328125,0.8343949044585988,0.8940397350993378,0.8690476190476191,0.85,0.81875,0.8940397350993378,0.8588235294117647,0.8793103448275862,0.8264984227129337,0.8940397350993377,0.863905325443787,0.864406779661017
16,5,STFT,alpha,-,Random Forest,0.720703125,0.6746987951807228,0.8229166666666666,0.7604166666666666,0.6818181818181818,0.7,0.5231788079470199,0.8588235294117647,0.9051724137931034,0.6871165644171778,0.6396761133603238,0.8066298342541436,0.7777777777777777
16,5,STFT,alpha,-,SVM,0.318359375,0.3143418467583497,1.0,0.0,0.0,1.0,0.019867549668874173,0.0,0.0,0.4783258594917788,0.03896103896103896,0.0,0.0
16,5,STFT,alpha,-,kNN,0.87109375,0.8214285714285714,0.8903225806451613,0.8690476190476191,0.9238095238095239,0.8625,0.9139072847682119,0.8588235294117647,0.8362068965517241,0.8414634146341463,0.9019607843137256,0.863905325443787,0.8778280542986425
16,5,STFT,beta,-,Random Forest,0.74609375,0.6865671641791045,0.8333333333333334,0.8913043478260869,0.6859504132231405,0.8625,0.7947019867549668,0.4823529411764706,0.7155172413793104,0.7645429362880887,0.8135593220338982,0.6259541984732824,0.70042194092827
16,5,STFT,beta,-,SVM,0.822265625,0.7724550898203593,0.9166666666666666,0.8192771084337349,0.7923076923076923,0.80625,0.8013245033112583,0.8,0.8879310344827587,0.7889908256880734,0.8551236749116607,0.8095238095238095,0.8373983739837397
16,5,STFT,beta,-,kNN,0.869140625,0.8303030303030303,0.9103448275862069,0.8690476190476191,0.8728813559322034,0.85625,0.8741721854304636,0.8588235294117647,0.8879310344827587,0.8430769230769231,0.891891891891892,0.863905325443787,0.8803418803418803
16,5,STFT,gamma,-,Random Forest,0.6953125,0.6220095693779905,0.8969072164948454,0.7619047619047619,0.6363636363636364,0.8125,0.5761589403973509,0.5647058823529412,0.7844827586206896,0.7046070460704608,0.7016129032258065,0.6486486486486486,0.7027027027027026
16,5,STFT,gamma,-,SVM,0.892578125,0.8421052631578947,0.9455782312925171,0.8690476190476191,0.9181818181818182,0.9,0.9205298013245033,0.8588235294117647,0.8706896551724138,0.8700906344410877,0.9328859060402686,0.863905325443787,0.8938053097345132
16,5,STFT,gamma,-,kNN,0.884765625,0.8421052631578947,0.9568345323741008,0.8690476190476191,0.8728813559322034,0.9,0.8807947019867549,0.8588235294117647,0.8879310344827587,0.8700906344410877,0.9172413793103448,0.863905325443787,0.8803418803418803
17,5,STFT,Delta,-,Random Forest,0.568359375,1.0,1.0,0.0,0.5110619469026548,0.55,0.18823529411764706,0.0,1.0,0.7096774193548387,0.31683168316831684,0.0,0.6764275256222547
17,5,STFT,Delta,-,SVM,0.45703125,0.0,1.0,0.0,0.4538310412573674,0.0,0.03529411764705882,0.0,1.0,0.0,0.06818181818181818,0.0,0.6243243243243244
17,5,STFT,Delta,-,kNN,0.927734375,0.9868421052631579,0.9101123595505618,0.9026548672566371,0.9273504273504274,0.9375,0.9529411764705882,0.8793103448275862,0.9393939393939394,0.9615384615384615,0.9310344827586207,0.8908296943231441,0.9333333333333335
17,5,STFT,theta,-,Random Forest,0.56640625,0.8253968253968254,1.0,0.0,0.5193621867881549,0.65,0.11764705882352941,0.0,0.987012987012987,0.7272727272727272,0.21052631578947367,0.0,0.6805970149253732
17,5,STFT,theta,-,SVM,0.45703125,0.0,1.0,0.0,0.4538310412573674,0.0,0.03529411764705882,0.0,1.0,0.0,0.06818181818181818,0.0,0.6243243243243244
17,5,STFT,theta,-,kNN,0.9140625,0.9868421052631579,0.9382716049382716,0.8839285714285714,0.897119341563786,0.9375,0.8941176470588236,0.853448275862069,0.9437229437229437,0.9615384615384615,0.9156626506024096,0.868421052631579,0.9198312236286921
17,5,STFT,alpha,-,Random Forest,0.55859375,1.0,1.0,0.2,0.5099337748344371,0.475,0.18823529411764706,0.008620689655172414,1.0,0.6440677966101694,0.31683168316831684,0.01652892561983471,0.6754385964912281
17,5,STFT,alpha,-,SVM,0.45703125,0.0,1.0,0.0,0.4538310412573674,0.0,0.03529411764705882,0.0,1.0,0.0,0.06818181818181818,0.0,0.6243243243243244
17,5,STFT,alpha,-,kNN,0.93359375,0.9868421052631579,0.8585858585858586,0.8870967741935484,0.9765258215962441,0.9375,1.0,0.9482758620689655,0.9004329004329005,0.9615384615384615,0.9239130434782609,0.9166666666666667,0.9369369369369369
17,5,STFT,beta,-,Random Forest,0.642578125,0.0,0.8571428571428571,0.8076923076923077,0.5815789473684211,0.0,0.2823529411764706,0.7241379310344828,0.9567099567099567,0.0,0.4247787610619469,0.7636363636363636,0.723404255319149
17,5,STFT,beta,-,SVM,0.845703125,0.9868421052631579,0.7528089887640449,0.9230769230769231,0.80859375,0.9375,0.788235294117647,0.7241379310344828,0.8961038961038961,0.9615384615384615,0.7701149425287356,0.8115942028985507,0.8501026694045174
17,5,STFT,beta,-,kNN,0.921875,0.9605263157894737,0.9259259259259259,0.8709677419354839,0.935064935064935,0.9125,0.8823529411764706,0.9310344827586207,0.935064935064935,0.935897435897436,0.9036144578313252,0.9,0.935064935064935
17,5,STFT,gamma,-,Random Forest,0.5625,1.0,0.0,0.7368421052631579,0.5191011235955056,0.3625,0.0,0.2413793103448276,1.0,0.5321100917431192,0.0,0.3636363636363636,0.6834319526627219
17,5,STFT,gamma,-,SVM,0.890625,0.9868421052631579,0.9259259259259259,0.9230769230769231,0.8409090909090909,0.9375,0.8823529411764706,0.7241379310344828,0.961038961038961,0.9615384615384615,0.9036144578313252,0.8115942028985507,0.896969696969697
17,5,STFT,gamma,-,kNN,0.9140625,0.9868421052631579,0.8585858585858586,0.8981481481481481,0.9213973799126638,0.9375,1.0,0.8362068965517241,0.9134199134199135,0.9615384615384615,0.9239130434782609,0.8660714285714286,0.9173913043478261
18,5,STFT,Delta,-,Random Forest,0.546875,1.0,0.6923076923076923,1.0,0.524008350730689,0.13333333333333333,0.1111111111111111,0.1037037037037037,1.0,0.23529411764705882,0.19148936170212763,0.18791946308724833,0.6876712328767124
18,5,STFT,Delta,-,SVM,0.490234375,0.0,0.0,0.0,0.490234375,0.0,0.0,0.0,1.0,0.0,0.0,0.0,0.6579292267365662
18,5,STFT,Delta,-,kNN,0.892578125,0.7678571428571429,0.9444444444444444,0.8266666666666667,0.9487179487179487,0.9555555555555556,0.8395061728395061,0.9185185185185185,0.8844621513944223,0.8514851485148515,0.888888888888889,0.8701754385964913,0.9154639175257733
18,5,STFT,theta,-,Random Forest,0.5859375,0.0,0.7555555555555555,0.7894736842105263,0.5602678571428571,0.0,0.41975308641975306,0.1111111111111111,1.0,0.0,0.5396825396825395,0.1948051948051948,0.7181688125894133
18,5,STFT,theta,-,SVM,0.490234375,0.0,0.0,0.0,0.490234375,0.0,0.0,0.0,1.0,0.0,0.0,0.0,0.6579292267365662
18,5,STFT,theta,-,kNN,0.90625,0.8,0.9342105263157895,0.8705035971223022,0.9392712550607287,0.8888888888888888,0.8765432098765432,0.8962962962962963,0.9243027888446215,0.8421052631578948,0.9044585987261147,0.8832116788321168,0.931726907630522
18,5,STFT,alpha,-,Random Forest,0.572265625,0.0,1.0,0.6571428571428571,0.5480349344978166,0.0,0.2345679012345679,0.17037037037037037,1.0,0.0,0.38,0.27058823529411763,0.7080394922425952
18,5,STFT,alpha,-,SVM,0.490234375,0.0,0.0,0.0,0.490234375,0.0,0.0,0.0,1.0,0.0,0.0,0.0,0.6579292267365662
18,5,STFT,alpha,-,kNN,0.90625,0.8125,0.9342105263157895,0.8503401360544217,0.950207468879668,0.8666666666666667,0.8765432098765432,0.9259259259259259,0.9123505976095617,0.8387096774193549,0.9044585987261147,0.8865248226950354,0.9308943089430894
18,5,STFT,beta,-,Random Forest,0.68359375,0.0,1.0,0.8085106382978723,0.6345177664974619,0.0,0.2962962962962963,0.562962962962963,0.9960159362549801,0.0,0.45714285714285713,0.6637554585152838,0.7751937984496124
18,5,STFT,beta,-,SVM,0.873046875,0.7843137254901961,1.0,0.8396946564885496,0.8786764705882353,0.8888888888888888,0.7160493827160493,0.8148148148148148,0.952191235059761,0.8333333333333334,0.8345323741007193,0.8270676691729323,0.9139579349904398
18,5,STFT,beta,-,kNN,0.88671875,0.8222222222222222,0.8620689655172413,0.888,0.9058823529411765,0.8222222222222222,0.9259259259259259,0.8222222222222222,0.9203187250996016,0.8222222222222222,0.8928571428571429,0.8538461538461538,0.9130434782608696
18,5,STFT,gamma,-,Random Forest,0.5390625,0.0,0.0,0.9032258064516129,0.5155925155925156,0.0,0.0,0.2074074074074074,0.9880478087649402,0.0,0.0,0.3373493975903614,0.6775956284153005
18,5,STFT,gamma,-,SVM,0.87890625,0.8,0.9342105263157895,0.8028169014084507,0.9221311475409836,0.8888888888888888,0.8765432098765432,0.8444444444444444,0.896414342629482,0.8421052631578948,0.9044585987261147,0.8231046931407944,0.9090909090909091
18,5,STFT,gamma,-,kNN,0.880859375,0.8,0.9444444444444444,0.8382352941176471,0.9015748031496063,0.8888888888888888,0.8395061728395061,0.8444444444444444,0.9123505976095617,0.8421052631578948,0.888888888888889,0.8413284132841329,0.906930693069307
19,5,STFT,Delta,-,Random Forest,0.51953125,0.0,1.0,0.0,0.5128712871287129,0.0,0.0707070707070707,0.0,1.0,0.0,0.1320754716981132,0.0,0.6780104712041884
19,5,STFT,Delta,-,SVM,0.51953125,0.0,1.0,0.0,0.5128712871287129,0.0,0.0707070707070707,0.0,1.0,0.0,0.1320754716981132,0.0,0.6780104712041884
19,5,STFT,Delta,-,kNN,0.943359375,0.8625,0.9666666666666667,0.9512195121951219,0.9576923076923077,0.9583333333333334,0.8787878787878788,0.9512195121951219,0.9613899613899614,0.9078947368421054,0.9206349206349207,0.9512195121951219,0.9595375722543352
19,5,STFT,theta,-,Random Forest,0.6015625,1.0,1.0,0.0,0.5593952483801296,0.4722222222222222,0.15151515151515152,0.0,1.0,0.6415094339622641,0.2631578947368421,0.0,0.7174515235457063
19,5,STFT,theta,-,SVM,0.51953125,0.0,1.0,0.0,0.5128712871287129,0.0,0.0707070707070707,0.0,1.0,0.0,0.1320754716981132,0.0,0.6780104712041884
19,5,STFT,theta,-,kNN,0.94921875,0.8625,0.9306930693069307,0.9512195121951219,0.9839357429718876,0.9583333333333334,0.9494949494949495,0.9512195121951219,0.9459459459459459,0.9078947368421054,0.9400000000000001,0.9512195121951219,0.9645669291338583
19,5,STFT,alpha,-,Random Forest,0.591796875,1.0,1.0,0.0,0.5534188034188035,0.4722222222222222,0.10101010101010101,0.0,1.0,0.6415094339622641,0.1834862385321101,0.0,0.7125171939477304
19,5,STFT,alpha,-,SVM,0.51953125,0.0,1.0,0.0,0.5128712871287129,0.0,0.0707070707070707,0.0,1.0,0.0,0.1320754716981132,0.0,0.6780104712041884
19,5,STFT,alpha,-,kNN,0.9453125,0.8470588235294118,0.9666666666666667,0.987012987012987,0.9576923076923077,1.0,0.8787878787878788,0.926829268292683,0.9613899613899614,0.9171974522292993,0.9206349206349207,0.9559748427672956,0.9595375722543352
19,5,STFT,beta,-,Random Forest,0.572265625,1.0,0.0,0.0,0.5418410041841004,0.4722222222222222,0.0,0.0,1.0,0.6415094339622641,0.0,0.0,0.7028493894165536
19,5,STFT,beta,-,SVM,0.921875,0.8611111111111112,0.9247311827956989,0.987012987012987,0.9185185185185185,0.8611111111111112,0.8686868686868687,0.926829268292683,0.9575289575289575,0.8611111111111112,0.8958333333333334,0.9559748427672956,0.9376181474480152
19,5,STFT,beta,-,kNN,0.9453125,0.8470588235294118,0.9666666666666667,0.987012987012987,0.9576923076923077,1.0,0.8787878787878788,0.926829268292683,0.9613899613899614,0.9171974522292993,0.9206349206349207,0.9559748427672956,0.9595375722543352
19,5,STFT,gamma,-,Random Forest,0.619140625,0.7733333333333333,1.0,0.0,0.5889145496535797,0.8055555555555556,0.04040404040404041,0.0,0.9845559845559846,0.7891156462585034,0.07766990291262137,0.0,0.7369942196531792
19,5,STFT,gamma,-,SVM,0.865234375,0.7727272727272727,0.7213114754098361,1.0,0.9358974358974359,0.9444444444444444,0.8888888888888888,0.8292682926829268,0.8455598455598455,0.85,0.7963800904977376,0.9066666666666667,0.8884381338742393
19,5,STFT,gamma,-,kNN,0.94921875,0.8625,0.9306930693069307,0.9512195121951219,0.9839357429718876,0.9583333333333334,0.9494949494949495,0.9512195121951219,0.9459459459459459,0.9078947368421054,0.9400000000000001,0.9512195121951219,0.9645669291338583
20,5,STFT,Delta,-,Random Forest,0.77734375,0.0,0.7553956834532374,1.0,0.7814207650273224,0.0,0.7342657342657343,0.125,0.9662162162162162,0.0,0.7446808510638296,0.2222222222222222,0.8640483383685801
20,5,STFT,Delta,-,SVM,0.591796875,0.0,0.0,1.0,0.5861386138613861,0.0,0.0,0.125,1.0,0.0,0.0,0.2222222222222222,0.7390761548064918
20,5,STFT,Delta,-,kNN,0.9453125,0.8095238095238095,1.0,0.8166666666666667,0.9565217391304348,1.0,0.9230769230769231,0.875,0.9662162162162162,0.8947368421052632,0.9600000000000001,0.8448275862068966,0.9613445378151261
20,5,STFT,theta,-,Random Forest,0.826171875,0.0,0.8380281690140845,0.96,0.8115942028985508,0.0,0.8321678321678322,0.42857142857142855,0.9459459459459459,0.0,0.8350877192982457,0.5925925925925924,0.8736349453978158
20,5,STFT,theta,-,SVM,0.591796875,0.0,0.0,1.0,0.5861386138613861,0.0,0.0,0.125,1.0,0.0,0.0,0.2222222222222222,0.7390761548064918
20,5,STFT,theta,-,kNN,0.939453125,1.0,0.971830985915493,0.7088607594936709,0.9859154929577465,0.4117647058823529,0.965034965034965,1.0,0.9459459459459459,0.5833333333333334,0.968421052631579,0.8296296296296296,0.9655172413793103
20,5,STFT,alpha,-,Random Forest,0.75390625,0.0,0.780952380952381,0.96,0.7329842931937173,0.0,0.5734265734265734,0.42857142857142855,0.9459459459459459,0.0,0.6612903225806452,0.5925925925925924,0.8259587020648967
20,5,STFT,alpha,-,SVM,0.591796875,0.0,0.0,1.0,0.5861386138613861,0.0,0.0,0.125,1.0,0.0,0.0,0.2222222222222222,0.7390761548064918
20,5,STFT,alpha,-,kNN,0.947265625,0.8095238095238095,0.952054794520548,0.8,0.9892857142857143,1.0,0.972027972027972,0.9285714285714286,0.9358108108108109,0.8947368421052632,0.9619377162629758,0.859504132231405,0.9618055555555556
20,5,STFT,beta,-,Random Forest,0.787109375,0.0,0.9224137931034483,0.0,0.7474747474747475,0.0,0.7482517482517482,0.0,1.0,0.0,0.8262548262548263,0.0,0.8554913294797689
20,5,STFT,beta,-,SVM,0.830078125,1.0,0.8203125,0.7222222222222222,0.8557377049180328,0.4117647058823529,0.7342657342657343,0.9285714285714286,0.8817567567567568,0.5833333333333334,0.7749077490774908,0.8125000000000001,0.8685524126455907
20,5,STFT,beta,-,kNN,0.951171875,0.8095238095238095,0.9926470588235294,0.8,0.9758620689655172,1.0,0.9440559440559441,0.9285714285714286,0.956081081081081,0.8947368421052632,0.967741935483871,0.859504132231405,0.9658703071672354
20,5,STFT,gamma,-,Random Forest,0.685546875,0.0,1.0,0.0,0.6477024070021882,0.0,0.38461538461538464,0.0,1.0,0.0,0.5555555555555556,0.0,0.7861885790172642
20,5,STFT,gamma,-,SVM,0.89453125,1.0,0.967479674796748,0.7301587301587301,0.896551724137931,0.4117647058823529,0.8321678321678322,0.8214285714285714,0.9662162162162162,0.5833333333333334,0.8947368421052632,0.773109243697479,0.9300813008130081
20,5,STFT,gamma,-,kNN,0.951171875,0.8095238095238095,0.971830985915493,0.8,0.9859154929577465,1.0,0.965034965034965,0.9285714285714286,0.9459459459459459,0.8947368421052632,0.968421052631579,0.859504132231405,0.9655172413793103
21,5,STFT,Delta,-,Random Forest,0.658203125,0.0,0.8888888888888888,1.0,0.6,0.0,0.5057471264367817,0.06818181818181818,0.984,0.0,0.6446886446886447,0.1276595744680851,0.7454545454545454
21,5,STFT,Delta,-,SVM,0.5078125,0.0,1.0,1.0,0.49800796812749004,0.0,0.040229885057471264,0.06818181818181818,1.0,0.0,0.07734806629834255,0.1276595744680851,0.6648936170212766
21,5,STFT,Delta,-,kNN,0.908203125,0.7924528301886793,0.9345238095238095,0.8,0.9322709163346613,0.9545454545454546,0.9022988505747126,0.7272727272727273,0.936,0.865979381443299,0.9181286549707602,0.761904761904762,0.9341317365269461
21,5,STFT,theta,-,Random Forest,0.662109375,1.0,1.0,0.0,0.5910165484633569,0.3409090909090909,0.42528735632183906,0.0,1.0,0.5084745762711864,0.596774193548387,0.0,0.7429420505200595
21,5,STFT,theta,-,SVM,0.5078125,0.0,1.0,1.0,0.49800796812749004,0.0,0.040229885057471264,0.06818181818181818,1.0,0.0,0.07734806629834255,0.1276595744680851,0.6648936170212766
21,5,STFT,theta,-,kNN,0.90234375,0.8974358974358975,0.9230769230769231,0.7608695652173914,0.9147286821705426,0.7954545454545454,0.896551724137931,0.7954545454545454,0.944,0.8433734939759037,0.9096209912536444,0.7777777777777778,0.9291338582677166
21,5,STFT,alpha,-,Random Forest,0.6484375,1.0,1.0,0.0,0.5813953488372093,0.3409090909090909,0.3850574712643678,0.0,1.0,0.5084745762711864,0.5560165975103735,0.0,0.7352941176470588
21,5,STFT,alpha,-,SVM,0.5078125,0.0,1.0,1.0,0.49800796812749004,0.0,0.040229885057471264,0.06818181818181818,1.0,0.0,0.07734806629834255,0.1276595744680851,0.6648936170212766
21,5,STFT,alpha,-,kNN,0.8828125,0.8205128205128205,0.9005847953216374,0.8125,0.8888888888888888,0.7272727272727273,0.8850574712643678,0.5909090909090909,0.96,0.7710843373493976,0.8927536231884058,0.6842105263157896,0.923076923076923
21,5,STFT,beta,-,Random Forest,0.677734375,0.0,0.9519230769230769,0.0,0.6078431372549019,0.0,0.5689655172413793,0.0,0.992,0.0,0.7122302158273383,0.0,0.7537993920972644
21,5,STFT,beta,-,SVM,0.744140625,1.0,0.7913669064748201,0.6444444444444445,0.7161716171617162,0.5681818181818182,0.632183908045977,0.6590909090909091,0.868,0.7246376811594203,0.7028753993610223,0.651685393258427,0.7848101265822786
21,5,STFT,beta,-,kNN,0.89453125,0.8297872340425532,0.9666666666666667,0.7254901960784313,0.8977272727272727,0.8863636363636364,0.8333333333333334,0.8409090909090909,0.948,0.8571428571428571,0.8950617283950617,0.7789473684210527,0.9221789883268482
21,5,STFT,gamma,-,Random Forest,0.677734375,0.0,0.97,0.0,0.6067961165048543,0.0,0.5574712643678161,0.0,1.0,0.0,0.7080291970802921,0.0,0.755287009063444
21,5,STFT,gamma,-,SVM,0.869140625,1.0,0.9090909090909091,0.7037037037037037,0.8673835125448028,0.5681818181818182,0.8045977011494253,0.8636363636363636,0.968,0.7246376811594203,0.8536585365853658,0.7755102040816326,0.9149338374291115
21,5,STFT,gamma,-,kNN,0.8984375,0.8297872340425532,0.9440993788819876,0.7115384615384616,0.9206349206349206,0.8863636363636364,0.8735632183908046,0.8409090909090909,0.928,0.8571428571428571,0.9074626865671642,0.7708333333333333,0.9243027888446215
22,5,STFT,Delta,-,Random Forest,0.498046875,1.0,0.6530612244897959,1.0,0.44801980198019803,0.1111111111111111,0.3595505617977528,0.036585365853658534,0.9576719576719577,0.19999999999999998,0.463768115942029,0.07058823529411765,0.6104553119730186
22,5,STFT,Delta,-,SVM,0.388671875,1.0,0.0,1.0,0.37649402390438247,0.1111111111111111,0.0,0.036585365853658534,1.0,0.19999999999999998,0.0,0.07058823529411765,0.5470332850940666
22,5,STFT,Delta,-,kNN,0.90625,0.8450704225352113,0.9631901840490797,0.8369565217391305,0.9139784946236559,0.9523809523809523,0.8820224719101124,0.9390243902439024,0.8994708994708994,0.8955223880597014,0.9208211143695015,0.885057471264368,0.9066666666666665
22,5,STFT,theta,-,Random Forest,0.583984375,0.0,0.5420875420875421,0.0,0.641860465116279,0.0,0.9044943820224719,0.0,0.7301587301587301,0.0,0.6778947368421052,0.0,0.6831683168316831
22,5,STFT,theta,-,SVM,0.388671875,1.0,0.0,1.0,0.37649402390438247,0.1111111111111111,0.0,0.036585365853658534,1.0,0.19999999999999998,0.0,0.07058823529411765,0.5470332850940666
22,5,STFT,theta,-,kNN,0.900390625,0.8833333333333333,0.900523560209424,0.9253731343283582,0.8969072164948454,0.8412698412698413,0.9662921348314607,0.7560975609756098,0.9206349206349206,0.8617886178861788,0.9322493224932249,0.8322147651006712,0.9086161879895561
22,5,STFT,alpha,-,Random Forest,0.619140625,0.0,0.5714285714285714,1.0,0.6508620689655172,0.0,0.8539325842696629,0.17073170731707318,0.798941798941799,0.0,0.6846846846846846,0.2916666666666667,0.7173396674584323
22,5,STFT,alpha,-,SVM,0.388671875,1.0,0.0,1.0,0.37649402390438247,0.1111111111111111,0.0,0.036585365853658534,1.0,0.19999999999999998,0.0,0.07058823529411765,0.5470332850940666
22,5,STFT,alpha,-,kNN,0.90234375,0.9423076923076923,0.8844221105527639,0.9142857142857143,0.9057591623036649,0.7777777777777778,0.9887640449438202,0.7804878048780488,0.9153439153439153,0.8521739130434781,0.9336870026525199,0.8421052631578947,0.9105263157894737
22,5,STFT,beta,-,Random Forest,0.533203125,0.0,0.5783132530120482,1.0,0.5014749262536873,0.0,0.5393258426966292,0.08536585365853659,0.8994708994708994,0.0,0.5581395348837208,0.15730337078651685,0.6439393939393939
22,5,STFT,beta,-,SVM,0.833984375,0.9423076923076923,0.91875,0.9622641509433962,0.728744939271255,0.7777777777777778,0.8258426966292135,0.6219512195121951,0.9523809523809523,0.8521739130434781,0.8698224852071006,0.7555555555555555,0.8256880733944953
22,5,STFT,beta,-,kNN,0.90625,0.8888888888888888,0.9479768786127167,0.9142857142857143,0.8737864077669902,0.8888888888888888,0.9213483146067416,0.7804878048780488,0.9523809523809523,0.8888888888888888,0.9344729344729344,0.8421052631578947,0.9113924050632911
22,5,STFT,gamma,-,Random Forest,0.607421875,0.0,0.7048192771084337,1.0,0.5337423312883436,0.0,0.6573033707865169,0.24390243902439024,0.9206349206349206,0.0,0.680232558139535,0.39215686274509803,0.6757281553398059
22,5,STFT,gamma,-,SVM,0.796875,0.9743589743589743,0.9453125,0.75,0.7114624505928854,0.6031746031746031,0.6797752808988764,0.8414634146341463,0.9523809523809523,0.7450980392156863,0.7908496732026143,0.7931034482758621,0.8144796380090497
22,5,STFT,gamma,-,kNN,0.90234375,0.9583333333333334,0.8719211822660099,0.8846153846153846,0.9289617486338798,0.7301587301587301,0.9943820224719101,0.8414634146341463,0.8994708994708994,0.8288288288288289,0.9291338582677166,0.8625,0.9139784946236559
23,5,STFT,Delta,-,Random Forest,0.498046875,1.0,0.6530612244897959,1.0,0.44801980198019803,0.1111111111111111,0.3595505617977528,0.036585365853658534,0.9576719576719577,0.19999999999999998,0.463768115942029,0.07058823529411765,0.6104553119730186
23,5,STFT,Delta,-,SVM,0.388671875,1.0,0.0,1.0,0.37649402390438247,0.1111111111111111,0.0,0.036585365853658534,1.0,0.19999999999999998,0.0,0.07058823529411765,0.5470332850940666
23,5,STFT,Delta,-,kNN,0.90625,0.8450704225352113,0.9631901840490797,0.8369565217391305,0.9139784946236559,0.9523809523809523,0.8820224719101124,0.9390243902439024,0.8994708994708994,0.8955223880597014,0.9208211143695015,0.885057471264368,0.9066666666666665
23,5,STFT,theta,-,Random Forest,0.583984375,0.0,0.5420875420875421,0.0,0.641860465116279,0.0,0.9044943820224719,0.0,0.7301587301587301,0.0,0.6778947368421052,0.0,0.6831683168316831
23,5,STFT,theta,-,SVM,0.388671875,1.0,0.0,1.0,0.37649402390438247,0.1111111111111111,0.0,0.036585365853658534,1.0,0.19999999999999998,0.0,0.07058823529411765,0.5470332850940666
23,5,STFT,theta,-,kNN,0.900390625,0.8833333333333333,0.900523560209424,0.9253731343283582,0.8969072164948454,0.8412698412698413,0.9662921348314607,0.7560975609756098,0.9206349206349206,0.8617886178861788,0.9322493224932249,0.8322147651006712,0.9086161879895561
23,5,STFT,alpha,-,Random Forest,0.619140625,0.0,0.5714285714285714,1.0,0.6508620689655172,0.0,0.8539325842696629,0.17073170731707318,0.798941798941799,0.0,0.6846846846846846,0.2916666666666667,0.7173396674584323
23,5,STFT,alpha,-,SVM,0.388671875,1.0,0.0,1.0,0.37649402390438247,0.1111111111111111,0.0,0.036585365853658534,1.0,0.19999999999999998,0.0,0.07058823529411765,0.5470332850940666
23,5,STFT,alpha,-,kNN,0.90234375,0.9423076923076923,0.8844221105527639,0.9142857142857143,0.9057591623036649,0.7777777777777778,0.9887640449438202,0.7804878048780488,0.9153439153439153,0.8521739130434781,0.9336870026525199,0.8421052631578947,0.9105263157894737
23,5,STFT,beta,-,Random Forest,0.7109375,0.0,0.7037037037037037,1.0,0.7054263565891473,0.0,0.9606741573033708,0.13414634146341464,0.9629629629629629,0.0,0.8123515439429928,0.23655913978494622,0.814317673378076
23,5,STFT,beta,-,SVM,0.81640625,0.9423076923076923,0.7649769585253456,0.7361111111111112,0.8771929824561403,0.7777777777777778,0.9325842696629213,0.6463414634146342,0.7936507936507936,0.8521739130434781,0.8405063291139241,0.6883116883116882,0.8333333333333334
23,5,STFT,beta,-,kNN,0.9140625,0.8888888888888888,0.9329608938547486,0.8369565217391305,0.9438202247191011,0.8888888888888888,0.9382022471910112,0.9390243902439024,0.8888888888888888,0.8888888888888888,0.9355742296918768,0.885057471264368,0.9155313351498636
23,5,STFT,gamma,-,Random Forest,0.724609375,1.0,0.8144329896907216,1.0,0.6366782006920415,0.19047619047619047,0.8876404494382022,0.2073170731707317,0.9735449735449735,0.32,0.8494623655913978,0.3434343434343434,0.7698744769874477
23,5,STFT,gamma,-,SVM,0.87109375,0.8888888888888888,0.8791208791208791,0.9104477611940298,0.845,0.8888888888888888,0.898876404494382,0.7439024390243902,0.8941798941798942,0.8888888888888888,0.8888888888888888,0.8187919463087248,0.8688946015424165
23,5,STFT,gamma,-,kNN,0.896484375,0.8888888888888888,0.9329608938547486,0.863013698630137,0.8781725888324873,0.8888888888888888,0.9382022471910112,0.7682926829268293,0.9153439153439153,0.8888888888888888,0.9355742296918768,0.8129032258064516,0.8963730569948186
24,5,STFT,Delta,-,Random Forest,0.6953125,0.0,0.7395498392282959,0.0,0.6268656716417911,0.0,0.8614232209737828,0.0,0.6847826086956522,0.0,0.795847750865052,0.0,0.6545454545454545
24,5,STFT,Delta,-,SVM,0.541015625,0.0,0.5318725099601593,1.0,1.0,0.0,1.0,0.1346153846153846,0.016304347826086956,0.0,0.694408322496749,0.23728813559322035,0.03208556149732621
24,5,STFT,Delta,-,kNN,0.91796875,1.0,0.9407407407407408,0.825,0.9030612244897959,0.6666666666666666,0.951310861423221,0.6346153846153846,0.9619565217391305,0.8,0.9459962756052142,0.717391304347826,0.9315789473684211
24,5,STFT,theta,-,Random Forest,0.66796875,0.0,0.6357142857142857,0.0,0.8152173913043478,0.0,1.0,0.0,0.4076086956521739,0.0,0.7772925764192139,0.0,0.5434782608695652
24,5,STFT,theta,-,SVM,0.541015625,0.0,0.5318725099601593,1.0,1.0,0.0,1.0,0.1346153846153846,0.016304347826086956,0.0,0.694408322496749,0.23728813559322035,0.03208556149732621
24,5,STFT,theta,-,kNN,0.9375,0.8181818181818182,0.9727626459143969,0.7966101694915254,0.9405405405405406,1.0,0.9363295880149812,0.9038461538461539,0.9456521739130435,0.9,0.9541984732824428,0.8468468468468469,0.9430894308943089
24,5,STFT,alpha,-,Random Forest,0.669921875,0.0,0.6372315035799523,0.0,0.8172043010752689,0.0,1.0,0.0,0.41304347826086957,0.0,0.7784256559766763,0.0,0.5487364620938628
24,5,STFT,alpha,-,SVM,0.541015625,0.0,0.5318725099601593,1.0,1.0,0.0,1.0,0.1346153846153846,0.016304347826086956,0.0,0.694408322496749,0.23728813559322035,0.03208556149732621
24,5,STFT,alpha,-,kNN,0.908203125,0.8181818181818182,0.9498069498069498,0.8648648648648649,0.8682926829268293,1.0,0.9213483146067416,0.6153846153846154,0.967391304347826,0.9,0.935361216730038,0.7191011235955056,0.9151670951156812
24,5,STFT,beta,-,Random Forest,0.677734375,0.0,0.7029702970297029,0.0,0.6411483253588517,0.0,0.797752808988764,0.0,0.7282608695652174,0.0,0.7473684210526316,0.0,0.6819338422391859
24,5,STFT,beta,-,SVM,0.880859375,0.8181818181818182,0.8876811594202898,0.6612903225806451,0.9570552147239264,1.0,0.9176029962546817,0.7884615384615384,0.8478260869565217,0.9,0.9023941068139962,0.719298245614035,0.899135446685879
24,5,STFT,beta,-,kNN,0.916015625,0.8181818181818182,0.9876543209876543,0.8125,0.861904761904762,1.0,0.898876404494382,0.75,0.9836956521739131,0.9,0.9411764705882353,0.78,0.918781725888325
24,5,STFT,gamma,-,Random Forest,0.705078125,0.0,0.7640449438202247,0.0,0.6408163265306123,0.0,0.7640449438202247,0.0,0.8532608695652174,0.0,0.7640449438202248,0.0,0.7319347319347319
24,5,STFT,gamma,-,SVM,0.865234375,0.8181818181818182,0.9140625,0.7142857142857143,0.8465608465608465,1.0,0.8764044943820225,0.7692307692307693,0.8695652173913043,0.9,0.8948374760994264,0.7407407407407408,0.8579088471849866
24,5,STFT,gamma,-,kNN,0.923828125,1.0,0.943609022556391,0.8333333333333334,0.9166666666666666,0.6666666666666666,0.9400749063670412,0.7692307692307693,0.9565217391304348,0.8,0.9418386491557224,0.8,0.9361702127659574
25,5,STFT,Delta,-,Random Forest,0.55859375,0.6363636363636364,0.6355140186915887,0.0,0.5355329949238579,0.2916666666666667,0.37777777777777777,0.0,0.9906103286384976,0.4,0.47386759581881527,0.0,0.6952224052718288
25,5,STFT,Delta,-,SVM,0.439453125,1.0,1.0,0.0,0.426,0.20833333333333334,0.03888888888888889,0.0,1.0,0.3448275862068966,0.0748663101604278,0.0,0.5974754558204769
25,5,STFT,Delta,-,kNN,0.916015625,0.6216216216216216,0.9042553191489362,0.9666666666666667,0.9593908629441624,0.9583333333333334,0.9444444444444444,0.9157894736842105,0.8873239436619719,0.7540983606557377,0.9239130434782609,0.9405405405405406,0.9219512195121952
25,5,STFT,theta,-,Random Forest,0.619140625,0.0,0.7,1.0,0.5689655172413793,0.0,0.5833333333333334,0.14736842105263157,0.9295774647887324,0.0,0.6363636363636365,0.2568807339449541,0.7058823529411765
25,5,STFT,theta,-,SVM,0.4296875,0.0,1.0,0.0,0.42178217821782177,0.0,0.03888888888888889,0.0,1.0,0.0,0.0748663101604278,0.0,0.5933147632311978
25,5,STFT,theta,-,kNN,0.921875,0.84,0.893048128342246,0.9666666666666667,0.9380952380952381,0.875,0.9277777777777778,0.9157894736842105,0.9248826291079812,0.8571428571428572,0.9100817438692099,0.9405405405405406,0.9314420803782506
25,5,STFT,alpha,-,Random Forest,0.685546875,0.0,0.7395833333333334,1.0,0.6372549019607843,0.0,0.7888888888888889,0.14736842105263157,0.9154929577464789,0.0,0.7634408602150538,0.2568807339449541,0.7514450867052023
25,5,STFT,alpha,-,SVM,0.451171875,0.0,0.782608695652174,0.0,0.43558282208588955,0.0,0.1,0.0,1.0,0.0,0.17733990147783252,0.0,0.6068376068376068
25,5,STFT,alpha,-,kNN,0.927734375,0.84,0.9217877094972067,0.9882352941176471,0.9192825112107623,0.875,0.9166666666666666,0.8842105263157894,0.9624413145539906,0.8571428571428572,0.9192200557103063,0.9333333333333333,0.9403669724770641
25,5,STFT,beta,-,Random Forest,0.6875,0.0,0.8702290076335878,0.717948717948718,0.6140350877192983,0.0,0.6333333333333333,0.29473684210526313,0.9859154929577465,0.0,0.7331189710610932,0.417910447761194,0.7567567567567568
25,5,STFT,beta,-,SVM,0.798828125,0.84,0.7797619047619048,0.8857142857142857,0.7831325301204819,0.875,0.7277777777777777,0.6526315789473685,0.9154929577464789,0.8571428571428572,0.7528735632183907,0.7515151515151516,0.8441558441558441
25,5,STFT,beta,-,kNN,0.931640625,0.84,0.9042553191489362,0.9666666666666667,0.9521531100478469,0.875,0.9444444444444444,0.9157894736842105,0.9342723004694836,0.8571428571428572,0.9239130434782609,0.9405405405405406,0.943127962085308
25,5,STFT,gamma,-,Random Forest,0.58984375,0.0,0.6878306878306878,0.0,0.5325077399380805,0.0,0.7222222222222222,0.0,0.8075117370892019,0.0,0.7046070460704608,0.0,0.6417910447761194
25,5,STFT,gamma,-,SVM,0.89453125,0.84,0.9337349397590361,0.7837837837837838,0.9285714285714286,0.875,0.8611111111111112,0.9157894736842105,0.9154929577464789,0.8571428571428572,0.8959537572254335,0.8446601941747574,0.921985815602837
25,5,STFT,gamma,-,kNN,0.9296875,0.84,0.9217877094972067,0.9666666666666667,0.9311926605504587,0.875,0.9166666666666666,0.9157894736842105,0.9530516431924883,0.8571428571428572,0.9192200557103063,0.9405405405405406,0.9419953596287702
26,5,STFT,Delta,-,Random Forest,0.685546875,0.8468468468468469,0.0,0.8518518518518519,0.6256684491978609,0.6351351351351351,0.0,0.22115384615384615,0.9551020408163265,0.7258687258687259,0.0,0.35114503816793896,0.7560581583198708
26,5,STFT,Delta,-,SVM,0.4921875,1.0,0.0,0.0,0.48514851485148514,0.0472972972972973,0.0,0.0,1.0,0.09032258064516129,0.0,0.0,0.6533333333333333
26,5,STFT,Delta,-,kNN,0.923828125,0.9024390243902439,1.0,0.824,0.9953051643192489,1.0,0.6666666666666666,0.9903846153846154,0.8653061224489796,0.9487179487179488,0.8,0.8995633187772926,0.925764192139738
26,5,STFT,theta,-,Random Forest,0.681640625,0.7899159663865546,0.0,0.7777777777777778,0.632183908045977,0.6351351351351351,0.0,0.33653846153846156,0.8979591836734694,0.704119850187266,0.0,0.4697986577181208,0.7419898819561551
26,5,STFT,theta,-,SVM,0.4921875,1.0,0.0,0.0,0.48514851485148514,0.0472972972972973,0.0,0.0,1.0,0.09032258064516129,0.0,0.0,0.6533333333333333
26,5,STFT,theta,-,kNN,0.923828125,0.9182389937106918,1.0,0.8333333333333334,0.9730941704035875,0.9864864864864865,0.6666666666666666,0.9615384615384616,0.8857142857142857,0.9511400651465798,0.8,0.8928571428571429,0.9273504273504274
26,5,STFT,alpha,-,Random Forest,0.689453125,0.7786885245901639,0.0,0.8648648648648649,0.6402266288951841,0.6418918918918919,0.0,0.3076923076923077,0.9224489795918367,0.7037037037037037,0.0,0.45390070921985815,0.7558528428093645
26,5,STFT,alpha,-,SVM,0.4921875,1.0,0.0,0.0,0.48514851485148514,0.0472972972972973,0.0,0.0,1.0,0.09032258064516129,0.0,0.0,0.6533333333333333
26,5,STFT,alpha,-,kNN,0.921875,0.9177215189873418,0.8125,0.8333333333333334,0.981651376146789,0.9797297297297297,0.8666666666666667,0.9615384615384616,0.8734693877551021,0.9477124183006536,0.8387096774193549,0.8928571428571429,0.9244060475161988
26,5,STFT,beta,-,Random Forest,0.712890625,0.863013698630137,0.0,0.8024691358024691,0.6620111731843575,0.42567567567567566,0.0,0.625,0.9673469387755103,0.5701357466063348,0.0,0.7027027027027027,0.7860696517412935
26,5,STFT,beta,-,SVM,0.736328125,0.6308411214953271,1.0,0.8767123287671232,0.7813953488372093,0.9121621621621622,0.6666666666666666,0.6153846153846154,0.6857142857142857,0.7458563535911602,0.8,0.7231638418079096,0.7304347826086957
26,5,STFT,beta,-,kNN,0.908203125,0.9024390243902439,1.0,0.8230088495575221,0.9511111111111111,1.0,0.6666666666666666,0.8942307692307693,0.8734693877551021,0.9487179487179488,0.8,0.8571428571428571,0.9106382978723404
26,5,STFT,gamma,-,Random Forest,0.697265625,0.8924731182795699,0.0,1.0,0.6214099216710183,0.5608108108108109,0.0,0.34615384615384615,0.9714285714285714,0.6887966804979253,0.0,0.5142857142857142,0.7579617834394906
26,5,STFT,gamma,-,SVM,0.8046875,0.7485714285714286,1.0,0.9152542372881356,0.8097014925373134,0.8851351351351351,0.6666666666666666,0.5192307692307693,0.8857142857142857,0.8111455108359132,0.8,0.6625766871165644,0.8460038986354775
26,5,STFT,gamma,-,kNN,0.921875,0.9395973154362416,0.8125,0.824,0.972972972972973,0.9459459459459459,0.8666666666666667,0.9903846153846154,0.8816326530612245,0.9427609427609427,0.8387096774193549,0.8995633187772926,0.9250535331905781
27,5,STFT,Delta,-,Random Forest,0.67578125,1.0,0.0,0.90625,0.6509635974304069,0.24074074074074073,0.0,0.26126126126126126,0.990228013029316,0.3880597014925373,0.0,0.40559440559440557,0.7855297157622739
27,5,STFT,Delta,-,SVM,0.61328125,0.0,0.0,1.0,0.6079207920792079,0.0,0.0,0.06306306306306306,1.0,0.0,0.0,0.11864406779661016,0.7561576354679802
27,5,STFT,Delta,-,kNN,0.923828125,0.96,0.8888888888888888,0.9056603773584906,0.928125,0.8888888888888888,0.8,0.8648648648648649,0.9674267100977199,0.923076923076923,0.8421052631578948,0.8847926267281107,0.9473684210526315
27,5,STFT,theta,-,Random Forest,0.705078125,1.0,0.0,0.8775510204081632,0.6792035398230089,0.2037037037037037,0.0,0.38738738738738737,1.0,0.3384615384615384,0.0,0.5375,0.8089591567852438
27,5,STFT,theta,-,SVM,0.61328125,0.0,0.0,1.0,0.6079207920792079,0.0,0.0,0.06306306306306306,1.0,0.0,0.0,0.11864406779661016,0.7561576354679802
27,5,STFT,theta,-,kNN,0.919921875,0.96,1.0,0.847457627118644,0.9331210191082803,0.8888888888888888,0.75,0.9009009009009009,0.9543973941368078,0.923076923076923,0.8571428571428571,0.8733624454148471,0.9436392914653785
27,5,STFT,alpha,-,Random Forest,0.67578125,1.0,0.0,1.0,0.6490486257928119,0.2037037037037037,0.0,0.25225225225225223,1.0,0.3384615384615384,0.0,0.40287769784172656,0.7871794871794872
27,5,STFT,alpha,-,SVM,0.61328125,0.0,0.0,1.0,0.6079207920792079,0.0,0.0,0.06306306306306306,1.0,0.0,0.0,0.11864406779661016,0.7561576354679802
27,5,STFT,alpha,-,kNN,0.91015625,1.0,1.0,0.8828828828828829,0.9009009009009009,0.7037037037037037,0.75,0.8828828828828829,0.9771986970684039,0.8260869565217391,0.8571428571428571,0.8828828828828829,0.9374999999999999
27,5,STFT,beta,-,Random Forest,0.599609375,0.0,0.0,0.0,0.599609375,0.0,0.0,0.0,1.0,0.0,0.0,0.0,0.7496947496947497
27,5,STFT,beta,-,SVM,0.8515625,1.0,1.0,0.8202247191011236,0.8309859154929577,0.7037037037037037,0.75,0.6576576576576577,0.9609120521172638,0.8260869565217391,0.8571428571428571,0.7300000000000001,0.891238670694864
27,5,STFT,beta,-,kNN,0.927734375,0.96,1.0,0.9056603773584906,0.9233128834355828,0.8888888888888888,0.75,0.8648648648648649,0.9804560260586319,0.923076923076923,0.8571428571428571,0.8847926267281107,0.9510268562401264
27,5,STFT,gamma,-,Random Forest,0.658203125,0.0,0.0,0.96875,0.6375,0.0,0.0,0.27927927927927926,0.996742671009772,0.0,0.0,0.4335664335664335,0.7776365946632782
27,5,STFT,gamma,-,SVM,0.923828125,0.96,1.0,0.828125,0.9506578947368421,0.8888888888888888,0.75,0.954954954954955,0.9413680781758957,0.923076923076923,0.8571428571428571,0.8870292887029289,0.9459901800327333
27,5,STFT,gamma,-,kNN,0.9375,0.96,1.0,0.8888888888888888,0.946031746031746,0.8888888888888888,0.75,0.9369369369369369,0.9706840390879479,0.923076923076923,0.8571428571428571,0.9122807017543859,0.9581993569131833
28,5,STFT,Delta,-,Random Forest,0.640625,0.7295081967213115,1.0,1.0,0.5492537313432836,0.6180555555555556,0.5192307692307693,0.24347826086956523,0.9154228855721394,0.6691729323308271,0.6835443037974684,0.39160839160839167,0.6865671641791045
28,5,STFT,Delta,-,SVM,0.392578125,0.0,0.0,0.0,0.392578125,0.0,0.0,0.0,1.0,0.0,0.0,0.0,0.5638148667601683
28,5,STFT,Delta,-,kNN,0.912109375,0.8323699421965318,0.88,0.9363636363636364,0.9832402234636871,1.0,0.8461538461538461,0.8956521739130435,0.8756218905472637,0.9085173501577287,0.8627450980392156,0.9155555555555557,0.9263157894736842
28,5,STFT,theta,-,Random Forest,0.5390625,0.8088235294117647,0.0,0.8787878787878788,0.46715328467153283,0.3819444444444444,0.0,0.25217391304347825,0.9552238805970149,0.5188679245283019,0.0,0.3918918918918919,0.6274509803921569
28,5,STFT,theta,-,SVM,0.392578125,0.0,0.0,0.0,0.392578125,0.0,0.0,0.0,1.0,0.0,0.0,0.0,0.5638148667601683
28,5,STFT,theta,-,kNN,0.927734375,0.8903225806451613,0.9056603773584906,0.9363636363636364,0.9587628865979382,0.9583333333333334,0.9230769230769231,0.8956521739130435,0.9253731343283582,0.9230769230769231,0.9142857142857143,0.9155555555555557,0.9417721518987341
28,5,STFT,alpha,-,Random Forest,0.5859375,0.8433734939759037,0.0,0.9047619047619048,0.49612403100775193,0.4861111111111111,0.0,0.33043478260869563,0.9552238805970149,0.6167400881057269,0.0,0.48407643312101906,0.6530612244897959
28,5,STFT,alpha,-,SVM,0.392578125,0.0,0.0,0.0,0.392578125,0.0,0.0,0.0,1.0,0.0,0.0,0.0,0.5638148667601683
28,5,STFT,alpha,-,kNN,0.904296875,0.8427672955974843,0.9347826086956522,0.9363636363636364,0.9289340101522843,0.9305555555555556,0.8269230769230769,0.8956521739130435,0.9104477611940298,0.8844884488448845,0.8775510204081632,0.9155555555555557,0.9195979899497488
28,5,STFT,beta,-,Random Forest,0.537109375,0.5942028985507246,0.0,1.0,0.5081521739130435,0.5694444444444444,0.0,0.05217391304347826,0.9303482587064676,0.5815602836879432,0.0,0.09917355371900827,0.657293497363796
28,5,STFT,beta,-,SVM,0.90234375,0.8641975308641975,0.88,0.8728813559322034,0.9615384615384616,0.9722222222222222,0.8461538461538461,0.8956521739130435,0.8706467661691543,0.9150326797385621,0.8627450980392156,0.8841201716738197,0.9138381201044387
28,5,STFT,beta,-,kNN,0.923828125,0.8903225806451613,0.8596491228070176,0.9363636363636364,0.9631578947368421,0.9583333333333334,0.9423076923076923,0.8956521739130435,0.9104477611940298,0.9230769230769231,0.8990825688073394,0.9155555555555557,0.9360613810741688
28,5,STFT,gamma,-,Random Forest,0.58984375,0.5828220858895705,0.0,1.0,0.572289156626506,0.6597222222222222,0.0,0.14782608695652175,0.945273631840796,0.6188925081433225,0.0,0.25757575757575757,0.7129455909943716
28,5,STFT,gamma,-,SVM,0.826171875,0.8,0.9347826086956522,0.8359375,0.8131313131313131,0.7777777777777778,0.8269230769230769,0.9304347826086956,0.8009950248756219,0.7887323943661971,0.8775510204081632,0.8806584362139918,0.8070175438596491
28,5,STFT,gamma,-,kNN,0.912109375,0.8323699421965318,0.88,0.9363636363636364,0.9832402234636871,1.0,0.8461538461538461,0.8956521739130435,0.8756218905472637,0.9085173501577287,0.8627450980392156,0.9155555555555557,0.9263157894736842
29,5,STFT,Delta,-,Random Forest,0.52734375,1.0,1.0,0.0,0.4989648033126294,0.09395973154362416,0.1724137931034483,0.0,1.0,0.17177914110429446,0.29411764705882354,0.0,0.6657458563535912
29,5,STFT,Delta,-,SVM,0.470703125,0.0,0.0,0.0,0.470703125,0.0,0.0,0.0,1.0,0.0,0.0,0.0,0.6401062416998672
29,5,STFT,Delta,-,kNN,0.939453125,0.9246575342465754,0.86,0.9354838709677419,0.9829787234042553,0.9060402684563759,0.9885057471264368,0.8285714285714286,0.9585062240663901,0.9152542372881356,0.9197860962566845,0.8787878787878788,0.9705882352941176
29,5,STFT,theta,-,Random Forest,0.685546875,0.9206349206349206,1.0,0.0,0.6070528967254408,0.38926174496644295,0.5977011494252874,0.0,1.0,0.5471698113207547,0.7482014388489209,0.0,0.7554858934169278
29,5,STFT,theta,-,SVM,0.470703125,0.0,0.0,0.0,0.470703125,0.0,0.0,0.0,1.0,0.0,0.0,0.0,0.6401062416998672
29,5,STFT,theta,-,kNN,0.943359375,0.9375,0.9545454545454546,0.9354838709677419,0.9437751004016064,0.9060402684563759,0.9655172413793104,0.8285714285714286,0.975103734439834,0.9215017064846417,0.96,0.8787878787878788,0.9591836734693878
29,5,STFT,alpha,-,Random Forest,0.703125,0.987012987012987,0.7962962962962963,0.0,0.6325459317585301,0.5100671140939598,0.4942528735632184,0.0,1.0,0.6725663716814159,0.6099290780141844,0.0,0.7749196141479099
29,5,STFT,alpha,-,SVM,0.470703125,0.0,0.0,0.0,0.470703125,0.0,0.0,0.0,1.0,0.0,0.0,0.0,0.6401062416998672
29,5,STFT,alpha,-,kNN,0.94140625,0.9319727891156463,0.9545454545454546,0.8378378378378378,0.9583333333333334,0.9194630872483222,0.9655172413793104,0.8857142857142857,0.9543568464730291,0.9256756756756758,0.96,0.8611111111111112,0.9563409563409564
29,5,STFT,beta,-,Random Forest,0.578125,1.0,0.9,0.0,0.5320088300220751,0.12751677852348994,0.41379310344827586,0.0,1.0,0.22619047619047622,0.5669291338582677,0.0,0.6945244956772335
29,5,STFT,beta,-,SVM,0.873046875,0.9646017699115044,0.8842105263157894,1.0,0.823321554770318,0.7315436241610739,0.9655172413793104,0.6,0.966804979253112,0.8320610687022901,0.9230769230769231,0.7499999999999999,0.8893129770992366
29,5,STFT,beta,-,kNN,0.931640625,0.9225352112676056,0.9545454545454546,0.8611111111111112,0.9390243902439024,0.8791946308724832,0.9655172413793104,0.8857142857142857,0.9585062240663901,0.9003436426116839,0.96,0.8732394366197184,0.9486652977412731
29,5,STFT,gamma,-,Random Forest,0.615234375,0.9672131147540983,1.0,0.0,0.5517241379310345,0.3959731543624161,0.1839080459770115,0.0,0.995850622406639,0.5619047619047619,0.3106796116504854,0.0,0.7100591715976332
29,5,STFT,gamma,-,SVM,0.900390625,0.9302325581395349,0.8037383177570093,0.8611111111111112,0.9333333333333333,0.8053691275167785,0.9885057471264368,0.8857142857142857,0.9294605809128631,0.8633093525179855,0.8865979381443299,0.8732394366197184,0.9313929313929314
29,5,STFT,gamma,-,kNN,0.93359375,0.9115646258503401,0.9545454545454546,0.9354838709677419,0.9390243902439024,0.8993288590604027,0.9655172413793104,0.8285714285714286,0.9585062240663901,0.9054054054054055,0.96,0.8787878787878788,0.9486652977412731
30,5,STFT,Delta,-,Random Forest,0.5859375,0.0,0.0,1.0,0.5801980198019802,0.0,0.0,0.0958904109589041,1.0,0.0,0.0,0.175,0.7343358395989974
30,5,STFT,Delta,-,SVM,0.5859375,0.0,0.0,1.0,0.5801980198019802,0.0,0.0,0.0958904109589041,1.0,0.0,0.0,0.175,0.7343358395989974
30,5,STFT,Delta,-,kNN,0.9140625,0.8671328671328671,0.6896551724137931,0.9245283018867925,0.9581881533101045,0.9841269841269841,1.0,0.6712328767123288,0.9385665529010239,0.9219330855018586,0.8163265306122449,0.7777777777777778,0.9482758620689656
30,5,STFT,theta,-,Random Forest,0.60546875,0.85,0.0,0.0,0.5955284552845529,0.1349206349206349,0.0,0.0,1.0,0.23287671232876714,0.0,0.0,0.7464968152866241
30,5,STFT,theta,-,SVM,0.5859375,0.0,0.0,1.0,0.5801980198019802,0.0,0.0,0.0958904109589041,1.0,0.0,0.0,0.175,0.7343358395989974
30,5,STFT,theta,-,kNN,0.900390625,0.9166666666666666,0.6896551724137931,0.8285714285714286,0.931740614334471,0.873015873015873,1.0,0.7945205479452054,0.931740614334471,0.894308943089431,0.8163265306122449,0.8111888111888111,0.931740614334471
30,5,STFT,alpha,-,Random Forest,0.626953125,1.0,0.0,1.0,0.6053719008264463,0.11904761904761904,0.0,0.1780821917808219,1.0,0.21276595744680848,0.0,0.3023255813953488,0.7541827541827543
30,5,STFT,alpha,-,SVM,0.5859375,0.0,0.0,1.0,0.5801980198019802,0.0,0.0,0.0958904109589041,1.0,0.0,0.0,0.175,0.7343358395989974
30,5,STFT,alpha,-,kNN,0.921875,0.9291338582677166,0.6896551724137931,0.875,0.952054794520548,0.9365079365079365,1.0,0.7671232876712328,0.9488054607508533,0.932806324110672,0.8163265306122449,0.8175182481751825,0.9504273504273505
30,5,STFT,beta,-,Random Forest,0.6484375,0.0,0.0,0.9069767441860465,0.6247334754797441,0.0,0.0,0.5342465753424658,1.0,0.0,0.0,0.6724137931034483,0.7690288713910761
30,5,STFT,beta,-,SVM,0.798828125,0.9577464788732394,0.6896551724137931,0.6621621621621622,0.8047337278106509,0.5396825396825397,1.0,0.6712328767123288,0.9283276450511946,0.6903553299492384,0.8163265306122449,0.6666666666666666,0.8621236133122029
30,5,STFT,beta,-,kNN,0.91015625,0.9291338582677166,0.6896551724137931,0.92,0.9215686274509803,0.9365079365079365,1.0,0.6301369863013698,0.962457337883959,0.932806324110672,0.8163265306122449,0.7479674796747968,0.9415692821368948
30,5,STFT,gamma,-,Random Forest,0.658203125,0.9583333333333334,0.0,0.0,0.6271551724137931,0.36507936507936506,0.0,0.0,0.9931740614334471,0.5287356321839081,0.0,0.0,0.7688243064729194
30,5,STFT,gamma,-,SVM,0.8515625,0.8623853211009175,0.6896551724137931,0.8703703703703703,0.859375,0.746031746031746,1.0,0.6438356164383562,0.9385665529010239,0.8,0.8163265306122449,0.7401574803149606,0.897226753670473
30,5,STFT,gamma,-,kNN,0.923828125,0.8671328671328671,0.6896551724137931,0.890625,0.9855072463768116,0.9841269841269841,1.0,0.7808219178082192,0.9283276450511946,0.9219330855018586,0.8163265306122449,0.8321167883211679,0.9560632688927945
31,5,STFT,Delta,-,Random Forest,0.72265625,0.0,0.9516129032258065,0.6576354679802956,1.0,0.0,0.427536231884058,0.9888888888888889,0.4230769230769231,0.0,0.59,0.7899408284023669,0.5945945945945945
31,5,STFT,Delta,-,SVM,0.546875,0.0,1.0,0.5378486055776892,1.0,0.0,0.050724637681159424,1.0,0.028846153846153848,0.0,0.09655172413793105,0.699481865284974,0.05607476635514019
31,5,STFT,Delta,-,kNN,0.931640625,0.0,0.9072847682119205,0.9798387096774194,0.8584070796460177,0.0,0.9927536231884058,0.9,0.9326923076923077,0.0,0.9480968858131488,0.9382239382239382,0.8940092165898617
31,5,STFT,theta,-,Random Forest,0.767578125,0.0,0.8214285714285714,0.7469512195121951,0.7777777777777778,0.0,0.6666666666666666,0.9074074074074074,0.5384615384615384,0.0,0.7359999999999999,0.8193979933110368,0.6363636363636364
31,5,STFT,theta,-,SVM,0.546875,0.0,1.0,0.5378486055776892,1.0,0.0,0.050724637681159424,1.0,0.028846153846153848,0.0,0.09655172413793105,0.699481865284974,0.05607476635514019
31,5,STFT,theta,-,kNN,0.931640625,0.0,0.9166666666666666,0.9581749049429658,0.8857142857142857,0.0,0.9565217391304348,0.9333333333333333,0.8942307692307693,0.0,0.9361702127659574,0.9455909943714822,0.8899521531100478
31,5,STFT,alpha,-,Random Forest,0.78515625,0.0,0.8070175438596491,0.7565982404692082,0.9122807017543859,0.0,0.6666666666666666,0.9555555555555556,0.5,0.0,0.7301587301587301,0.844517184942717,0.6459627329192547
31,5,STFT,alpha,-,SVM,0.546875,0.0,1.0,0.5378486055776892,1.0,0.0,0.050724637681159424,1.0,0.028846153846153848,0.0,0.09655172413793105,0.699481865284974,0.05607476635514019
31,5,STFT,alpha,-,kNN,0.9296875,0.0,0.9407407407407408,0.9545454545454546,0.8584070796460177,0.0,0.9202898550724637,0.9333333333333333,0.9326923076923077,0.0,0.9304029304029304,0.9438202247191012,0.8940092165898617
31,5,STFT,beta,-,Random Forest,0.626953125,0.0,1.0,0.5879732739420935,0.6842105263157895,0.0,0.3188405797101449,0.9777777777777777,0.125,0.0,0.48351648351648346,0.7343532684283728,0.21138211382113822
31,5,STFT,beta,-,SVM,0.8203125,0.0,0.9658119658119658,0.8333333333333334,0.6470588235294118,0.0,0.8188405797101449,0.8518518518518519,0.7403846153846154,0.0,0.8862745098039215,0.8424908424908426,0.6905829596412556
31,5,STFT,beta,-,kNN,0.92578125,0.0,0.910958904109589,0.9610894941634242,0.8623853211009175,0.0,0.9637681159420289,0.9148148148148149,0.9038461538461539,0.0,0.9366197183098591,0.937381404174573,0.8826291079812206
31,5,STFT,gamma,-,Random Forest,0.66796875,0.0,1.0,0.6136363636363636,1.0,0.0,0.2463768115942029,1.0,0.36538461538461536,0.0,0.39534883720930236,0.7605633802816901,0.5352112676056338
31,5,STFT,gamma,-,SVM,0.9140625,0.0,0.9508196721311475,0.8979591836734694,0.9166666666666666,0.0,0.8405797101449275,0.9777777777777777,0.8461538461538461,0.0,0.8923076923076922,0.9361702127659575,0.8799999999999999
31,5,STFT,gamma,-,kNN,0.931640625,0.0,0.9166666666666666,0.9581749049429658,0.8857142857142857,0.0,0.9565217391304348,0.9333333333333333,0.8942307692307693,0.0,0.9361702127659574,0.9455909943714822,0.8899521531100478
32,5,STFT,Delta,-,Random Forest,0.591796875,0.0,0.5531914893617021,0.7192982456140351,0.6835443037974683,0.0,0.9285714285714286,0.3014705882352941,0.3829787234042553,0.0,0.6933333333333335,0.4248704663212435,0.4909090909090909
32,5,STFT,Delta,-,SVM,0.45703125,0.0,0.44621513944223107,1.0,1.0,0.0,1.0,0.051470588235294115,0.02127659574468085,0.0,0.6170798898071626,0.09790209790209789,0.04166666666666667
32,5,STFT,Delta,-,kNN,0.8984375,0.6875,0.9437229437229437,0.96,0.8181818181818182,1.0,0.9732142857142857,0.7058823529411765,0.9574468085106383,0.8148148148148148,0.9582417582417582,0.8135593220338982,0.8823529411764706
32,5,STFT,theta,-,Random Forest,0.640625,0.0,0.692,0.7397260273972602,0.5343915343915344,0.0,0.7723214285714286,0.39705882352941174,0.7163120567375887,0.0,0.729957805907173,0.5167464114832535,0.6121212121212122
32,5,STFT,theta,-,SVM,0.45703125,0.0,0.44621513944223107,1.0,1.0,0.0,1.0,0.051470588235294115,0.02127659574468085,0.0,0.6170798898071626,0.09790209790209789,0.04166666666666667
32,5,STFT,theta,-,kNN,0.916015625,0.6875,1.0,0.8695652173913043,0.868421052631579,1.0,0.9196428571428571,0.8823529411764706,0.9361702127659575,0.8148148148148148,0.9581395348837208,0.8759124087591241,0.9010238907849829
32,5,STFT,alpha,-,Random Forest,0.68359375,0.0,0.7127659574468085,0.7108433734939759,0.6122448979591837,0.0,0.8973214285714286,0.4338235294117647,0.6382978723404256,0.0,0.7944664031620554,0.5388127853881278,0.625
32,5,STFT,alpha,-,SVM,0.45703125,0.0,0.44621513944223107,1.0,1.0,0.0,1.0,0.051470588235294115,0.02127659574468085,0.0,0.6170798898071626,0.09790209790209789,0.04166666666666667
32,5,STFT,alpha,-,kNN,0.888671875,0.6875,0.9594594594594594,0.84251968503937,0.8435374149659864,1.0,0.9508928571428571,0.7867647058823529,0.8794326241134752,0.8148148148148148,0.9551569506726457,0.8136882129277566,0.8611111111111112
32,5,STFT,beta,-,Random Forest,0.662109375,0.0,0.7857142857142857,0.6708860759493671,0.5426008968609866,0.0,0.7366071428571429,0.3897058823529412,0.8581560283687943,0.0,0.7603686635944701,0.4930232558139535,0.6648351648351649
32,5,STFT,beta,-,SVM,0.90234375,0.6875,0.9437229437229437,0.8852459016393442,0.8741258741258742,1.0,0.9732142857142857,0.7941176470588235,0.8865248226950354,0.8148148148148148,0.9582417582417582,0.8372093023255813,0.8802816901408451
32,5,STFT,beta,-,kNN,0.904296875,0.6875,0.9513274336283186,0.9,0.86,1.0,0.9598214285714286,0.7941176470588235,0.9148936170212766,0.8148148148148148,0.9555555555555556,0.84375,0.8865979381443299
32,5,STFT,gamma,-,Random Forest,0.634765625,0.0,0.6895306859205776,0.0,0.5702127659574469,0.0,0.8526785714285714,0.0,0.950354609929078,0.0,0.7624750499001995,0.0,0.7127659574468086
32,5,STFT,gamma,-,SVM,0.876953125,0.6875,0.8884120171673819,0.9217391304347826,0.8445945945945946,1.0,0.9241071428571429,0.7794117647058824,0.8865248226950354,0.8148148148148148,0.9059080962800876,0.8446215139442231,0.8650519031141869
32,5,STFT,gamma,-,kNN,0.90625,0.6875,0.9437229437229437,0.9444444444444444,0.8471337579617835,1.0,0.9732142857142857,0.75,0.9432624113475178,0.8148148148148148,0.9582417582417582,0.8360655737704917,0.8926174496644297
